[2026-06-04 07:28:31] production.ERROR: The D:\KULIAH\ISA ALI A\OOP\vanguardasset\vanguard-asset-web\bootstrap\cache directory must be present and writable. {"exception":"[object] (Exception(code: 0): The D:\\KULIAH\\ISA ALI A\\OOP\\vanguardasset\\vanguard-asset-web\\bootstrap\\cache directory must be present and writable. at D:/KULIAH/ISA ALI A/OOP/vanguardasset/vanguard-asset-web/vendor/laravel/framework/src/Illuminate/Foundation/PackageManifest.php:179)
[stacktrace]
#0 D:/KULIAH/ISA ALI A/OOP/vanguardasset/vanguard-asset-web/vendor/laravel/framework/src/Illuminate/Foundation/PackageManifest.php(132): Illuminate/Foundation/PackageManifest->write(Array)
#1 D:/KULIAH/ISA ALI A/OOP/vanguardasset/vanguard-asset-web/vendor/laravel/framework/src/Illuminate/Foundation/PackageManifest.php(108): Illuminate/Foundation/PackageManifest->build()
#2 D:/KULIAH/ISA ALI A/OOP/vanguardasset/vanguard-asset-web/vendor/laravel/framework/src/Illuminate/Foundation/PackageManifest.php(91): Illuminate/Foundation/PackageManifest->getManifest()
#3 D:/KULIAH/ISA ALI A/OOP/vanguardasset/vanguard-asset-web/vendor/laravel/framework/src/Illuminate/Foundation/PackageManifest.php(80): Illuminate/Foundation/PackageManifest->config('aliases')
#4 D:/KULIAH/ISA ALI A/OOP/vanguardasset/vanguard-asset-web/vendor/laravel/framework/src/Illuminate/Foundation/Bootstrap/RegisterFacades.php(26): Illuminate/Foundation/PackageManifest->aliases()
#5 D:/KULIAH/ISA ALI A/OOP/vanguardasset/vanguard-asset-web/vendor/laravel/framework/src/Illuminate/Foundation/Application.php(342): Illuminate/Foundation/Bootstrap/RegisterFacades->bootstrap(Object(Illuminate/Foundation/Application))
#6 D:/KULIAH/ISA ALI A/OOP/vanguardasset/vanguard-asset-web/vendor/laravel/framework/src/Illuminate/Foundation/Console/Kernel.php(474): Illuminate/Foundation/Application->bootstrapWith(Array)
#7 D:/KULIAH/ISA ALI A/OOP/vanguardasset/vanguard-asset-web/vendor/laravel/framework/src/Illuminate/Foundation/Console/Kernel.php(196): Illuminate/Foundation/Console/Kernel->bootstrap()
#8 D:/KULIAH/ISA ALI A/OOP/vanguardasset/vanguard-asset-web/artisan(16): Illuminate/Foundation/Console/Kernel->handle(Object(Symfony/Component/Console/Input/ArgvInput), Object(Symfony/Component/Console/Output/ConsoleOutput))
#9 {main}
"} 
[2026-06-04 07:29:09] local.ERROR: Please provide a valid cache path. {"exception":"[object] (InvalidArgumentException(code: 0): Please provide a valid cache path. at D:/KULIAH/ISA ALI A/OOP/vanguardasset/vanguard-asset-web/vendor/laravel/framework/src/Illuminate/View/Compilers/Compiler.php:67)
[stacktrace]
#0 D:/KULIAH/ISA ALI A/OOP/vanguardasset/vanguard-asset-web/vendor/laravel/framework/src/Illuminate/View/ViewServiceProvider.php(97): Illuminate/View/Compilers/Compiler->__construct(Object(Illuminate/Filesystem/Filesystem), false, '', true, 'php')
#1 D:/KULIAH/ISA ALI A/OOP/vanguardasset/vanguard-asset-web/vendor/laravel/framework/src/Illuminate/Container/Container.php(952): Illuminate/View/ViewServiceProvider->Illuminate/View/{closure}(Object(Illuminate/Foundation/Application), Array)
#2 D:/KULIAH/ISA ALI A/OOP/vanguardasset/vanguard-asset-web/vendor/laravel/framework/src/Illuminate/Container/Container.php(832): Illuminate/Container/Container->build(Object(Closure))
#3 D:/KULIAH/ISA ALI A/OOP/vanguardasset/vanguard-asset-web/vendor/laravel/framework/src/Illuminate/Foundation/Application.php(1078): Illuminate/Container/Container->resolve('blade.compiler', Array, true)
#4 D:/KULIAH/ISA ALI A/OOP/vanguardasset/vanguard-asset-web/vendor/laravel/framework/src/Illuminate/Container/Container.php(763): Illuminate/Foundation/Application->resolve('blade.compiler', Array)
#5 D:/KULIAH/ISA ALI A/OOP/vanguardasset/vanguard-asset-web/vendor/laravel/framework/src/Illuminate/Foundation/Application.php(1058): Illuminate/Container/Container->make('blade.compiler', Array)
#6 D:/KULIAH/ISA ALI A/OOP/vanguardasset/vanguard-asset-web/vendor/laravel/framework/src/Illuminate/View/ViewServiceProvider.php(168): Illuminate/Foundation/Application->make('blade.compiler')
#7 [internal function]: Illuminate/View/ViewServiceProvider->Illuminate/View/{closure}()
#8 D:/KULIAH/ISA ALI A/OOP/vanguardasset/vanguard-asset-web/vendor/laravel/framework/src/Illuminate/View/Engines/EngineResolver.php(55): call_user_func(Object(Closure))
#9 D:/KULIAH/ISA ALI A/OOP/vanguardasset/vanguard-asset-web/vendor/laravel/framework/src/Illuminate/View/Factory.php(326): Illuminate/View/Engines/EngineResolver->resolve('blade')
#10 D:/KULIAH/ISA ALI A/OOP/vanguardasset/vanguard-asset-web/vendor/laravel/framework/src/Illuminate/View/Factory.php(288): Illuminate/View/Factory->getEngineFromPath('D://KULIAH//ISA A...')
#11 D:/KULIAH/ISA ALI A/OOP/vanguardasset/vanguard-asset-web/vendor/laravel/framework/src/Illuminate/View/Factory.php(160): Illuminate/View/Factory->viewInstance('auth.login', 'D://KULIAH//ISA A...', Array)
#12 D:/KULIAH/ISA ALI A/OOP/vanguardasset/vanguard-asset-web/vendor/laravel/framework/src/Illuminate/Foundation/helpers.php(1062): Illuminate/View/Factory->make('auth.login', Array, Array)
#13 D:/KULIAH/ISA ALI A/OOP/vanguardasset/vanguard-asset-web/app/Http/Controllers/AuthController.php(18): view('auth.login')
#14 D:/KULIAH/ISA ALI A/OOP/vanguardasset/vanguard-asset-web/vendor/laravel/framework/src/Illuminate/Routing/ControllerDispatcher.php(47): App/Http/Controllers/AuthController->showLogin()
#15 D:/KULIAH/ISA ALI A/OOP/vanguardasset/vanguard-asset-web/vendor/laravel/framework/src/Illuminate/Routing/Route.php(266): Illuminate/Routing/ControllerDispatcher->dispatch(Object(Illuminate/Routing/Route), Object(App/Http/Controllers/AuthController), 'showLogin')
#16 D:/KULIAH/ISA ALI A/OOP/vanguardasset/vanguard-asset-web/vendor/laravel/framework/src/Illuminate/Routing/Route.php(212): Illuminate/Routing/Route->runController()
#17 D:/KULIAH/ISA ALI A/OOP/vanguardasset/vanguard-asset-web/vendor/laravel/framework/src/Illuminate/Routing/Router.php(808): Illuminate/Routing/Route->run()
#18 D:/KULIAH/ISA ALI A/OOP/vanguardasset/vanguard-asset-web/vendor/laravel/framework/src/Illuminate/Pipeline/Pipeline.php(170): Illuminate/Routing/Router->Illuminate/Routing/{closure}(Object(Illuminate/Http/Request))
#19 D:/KULIAH/ISA ALI A/OOP/vanguardasset/vanguard-asset-web/vendor/laravel/framework/src/Illuminate/Auth/Middleware/RedirectIfAuthenticated.php(35): Illuminate/Pipeline/Pipeline->Illuminate/Pipeline/{closure}(Object(Illuminate/Http/Request))
#20 D:/KULIAH/ISA ALI A/OOP/vanguardasset/vanguard-asset-web/vendor/laravel/framework/src/Illuminate/Pipeline/Pipeline.php(209): Illuminate/Auth/Middleware/RedirectIfAuthenticated->handle(Object(Illuminate/Http/Request), Object(Closure))
#21 D:/KULIAH/ISA ALI A/OOP/vanguardasset/vanguard-asset-web/vendor/laravel/framework/src/Illuminate/Routing/Middleware/SubstituteBindings.php(51): Illuminate/Pipeline/Pipeline->Illuminate/Pipeline/{closure}(Object(Illuminate/Http/Request))
#22 D:/KULIAH/ISA ALI A/OOP/vanguardasset/vanguard-asset-web/vendor/laravel/framework/src/Illuminate/Pipeline/Pipeline.php(209): Illuminate/Routing/Middleware/SubstituteBindings->handle(Object(Illuminate/Http/Request), Object(Closure))
#23 D:/KULIAH/ISA ALI A/OOP/vanguardasset/vanguard-asset-web/vendor/laravel/framework/src/Illuminate/Foundation/Http/Middleware/VerifyCsrfToken.php(88): Illuminate/Pipeline/Pipeline->Illuminate/Pipeline/{closure}(Object(Illuminate/Http/Request))
#24 D:/KULIAH/ISA ALI A/OOP/vanguardasset/vanguard-asset-web/vendor/laravel/framework/src/Illuminate/Pipeline/Pipeline.php(209): Illuminate/Foundation/Http/Middleware/VerifyCsrfToken->handle(Object(Illuminate/Http/Request), Object(Closure))
#25 D:/KULIAH/ISA ALI A/OOP/vanguardasset/vanguard-asset-web/vendor/laravel/framework/src/Illuminate/View/Middleware/ShareErrorsFromSession.php(49): Illuminate/Pipeline/Pipeline->Illuminate/Pipeline/{closure}(Object(Illuminate/Http/Request))
#26 D:/KULIAH/ISA ALI A/OOP/vanguardasset/vanguard-asset-web/vendor/laravel/framework/src/Illuminate/Pipeline/Pipeline.php(209): Illuminate/View/Middleware/ShareErrorsFromSession->handle(Object(Illuminate/Http/Request), Object(Closure))
#27 D:/KULIAH/ISA ALI A/OOP/vanguardasset/vanguard-asset-web/vendor/laravel/framework/src/Illuminate/Session/Middleware/StartSession.php(121): Illuminate/Pipeline/Pipeline->Illuminate/Pipeline/{closure}(Object(Illuminate/Http/Request))
#28 D:/KULIAH/ISA ALI A/OOP/vanguardasset/vanguard-asset-web/vendor/laravel/framework/src/Illuminate/Session/Middleware/StartSession.php(64): Illuminate/Session/Middleware/StartSession->handleStatefulRequest(Object(Illuminate/Http/Request), Object(Illuminate/Session/Store), Object(Closure))
#29 D:/KULIAH/ISA ALI A/OOP/vanguardasset/vanguard-asset-web/vendor/laravel/framework/src/Illuminate/Pipeline/Pipeline.php(209): Illuminate/Session/Middleware/StartSession->handle(Object(Illuminate/Http/Request), Object(Closure))
#30 D:/KULIAH/ISA ALI A/OOP/vanguardasset/vanguard-asset-web/vendor/laravel/framework/src/Illuminate/Cookie/Middleware/AddQueuedCookiesToResponse.php(37): Illuminate/Pipeline/Pipeline->Illuminate/Pipeline/{closure}(Object(Illuminate/Http/Request))
#31 D:/KULIAH/ISA ALI A/OOP/vanguardasset/vanguard-asset-web/vendor/laravel/framework/src/Illuminate/Pipeline/Pipeline.php(209): Illuminate/Cookie/Middleware/AddQueuedCookiesToResponse->handle(Object(Illuminate/Http/Request), Object(Closure))
#32 D:/KULIAH/ISA ALI A/OOP/vanguardasset/vanguard-asset-web/vendor/laravel/framework/src/Illuminate/Cookie/Middleware/EncryptCookies.php(75): Illuminate/Pipeline/Pipeline->Illuminate/Pipeline/{closure}(Object(Illuminate/Http/Request))
#33 D:/KULIAH/ISA ALI A/OOP/vanguardasset/vanguard-asset-web/vendor/laravel/framework/src/Illuminate/Pipeline/Pipeline.php(209): Illuminate/Cookie/Middleware/EncryptCookies->handle(Object(Illuminate/Http/Request), Object(Closure))
#34 D:/KULIAH/ISA ALI A/OOP/vanguardasset/vanguard-asset-web/vendor/laravel/framework/src/Illuminate/Pipeline/Pipeline.php(127): Illuminate/Pipeline/Pipeline->Illuminate/Pipeline/{closure}(Object(Illuminate/Http/Request))
#35 D:/KULIAH/ISA ALI A/OOP/vanguardasset/vanguard-asset-web/vendor/laravel/framework/src/Illuminate/Routing/Router.php(807): Illuminate/Pipeline/Pipeline->then(Object(Closure))
#36 D:/KULIAH/ISA ALI A/OOP/vanguardasset/vanguard-asset-web/vendor/laravel/framework/src/Illuminate/Routing/Router.php(786): Illuminate/Routing/Router->runRouteWithinStack(Object(Illuminate/Routing/Route), Object(Illuminate/Http/Request))
#37 D:/KULIAH/ISA ALI A/OOP/vanguardasset/vanguard-asset-web/vendor/laravel/framework/src/Illuminate/Routing/Router.php(750): Illuminate/Routing/Router->runRoute(Object(Illuminate/Http/Request), Object(Illuminate/Routing/Route))
#38 D:/KULIAH/ISA ALI A/OOP/vanguardasset/vanguard-asset-web/vendor/laravel/framework/src/Illuminate/Routing/Router.php(739): Illuminate/Routing/Router->dispatchToRoute(Object(Illuminate/Http/Request))
#39 D:/KULIAH/ISA ALI A/OOP/vanguardasset/vanguard-asset-web/vendor/laravel/framework/src/Illuminate/Foundation/Http/Kernel.php(201): Illuminate/Routing/Router->dispatch(Object(Illuminate/Http/Request))
#40 D:/KULIAH/ISA ALI A/OOP/vanguardasset/vanguard-asset-web/vendor/laravel/framework/src/Illuminate/Pipeline/Pipeline.php(170): Illuminate/Foundation/Http/Kernel->Illuminate/Foundation/Http/{closure}(Object(Illuminate/Http/Request))
#41 D:/KULIAH/ISA ALI A/OOP/vanguardasset/vanguard-asset-web/vendor/laravel/framework/src/Illuminate/Foundation/Http/Middleware/TransformsRequest.php(21): Illuminate/Pipeline/Pipeline->Illuminate/Pipeline/{closure}(Object(Illuminate/Http/Request))
#42 D:/KULIAH/ISA ALI A/OOP/vanguardasset/vanguard-asset-web/vendor/laravel/framework/src/Illuminate/Foundation/Http/Middleware/ConvertEmptyStringsToNull.php(31): Illuminate/Foundation/Http/Middleware/TransformsRequest->handle(Object(Illuminate/Http/Request), Object(Closure))
#43 D:/KULIAH/ISA ALI A/OOP/vanguardasset/vanguard-asset-web/vendor/laravel/framework/src/Illuminate/Pipeline/Pipeline.php(209): Illuminate/Foundation/Http/Middleware/ConvertEmptyStringsToNull->handle(Object(Illuminate/Http/Request), Object(Closure))
#44 D:/KULIAH/ISA ALI A/OOP/vanguardasset/vanguard-asset-web/vendor/laravel/framework/src/Illuminate/Foundation/Http/Middleware/TransformsRequest.php(21): Illuminate/Pipeline/Pipeline->Illuminate/Pipeline/{closure}(Object(Illuminate/Http/Request))
#45 D:/KULIAH/ISA ALI A/OOP/vanguardasset/vanguard-asset-web/vendor/laravel/framework/src/Illuminate/Foundation/Http/Middleware/TrimStrings.php(51): Illuminate/Foundation/Http/Middleware/TransformsRequest->handle(Object(Illuminate/Http/Request), Object(Closure))
#46 D:/KULIAH/ISA ALI A/OOP/vanguardasset/vanguard-asset-web/vendor/laravel/framework/src/Illuminate/Pipeline/Pipeline.php(209): Illuminate/Foundation/Http/Middleware/TrimStrings->handle(Object(Illuminate/Http/Request), Object(Closure))
#47 D:/KULIAH/ISA ALI A/OOP/vanguardasset/vanguard-asset-web/vendor/laravel/framework/src/Illuminate/Http/Middleware/ValidatePostSize.php(27): Illuminate/Pipeline/Pipeline->Illuminate/Pipeline/{closure}(Object(Illuminate/Http/Request))
#48 D:/KULIAH/ISA ALI A/OOP/vanguardasset/vanguard-asset-web/vendor/laravel/framework/src/Illuminate/Pipeline/Pipeline.php(209): Illuminate/Http/Middleware/ValidatePostSize->handle(Object(Illuminate/Http/Request), Object(Closure))
#49 D:/KULIAH/ISA ALI A/OOP/vanguardasset/vanguard-asset-web/vendor/laravel/framework/src/Illuminate/Foundation/Http/Middleware/PreventRequestsDuringMaintenance.php(110): Illuminate/Pipeline/Pipeline->Illuminate/Pipeline/{closure}(Object(Illuminate/Http/Request))
#50 D:/KULIAH/ISA ALI A/OOP/vanguardasset/vanguard-asset-web/vendor/laravel/framework/src/Illuminate/Pipeline/Pipeline.php(209): Illuminate/Foundation/Http/Middleware/PreventRequestsDuringMaintenance->handle(Object(Illuminate/Http/Request), Object(Closure))
#51 D:/KULIAH/ISA ALI A/OOP/vanguardasset/vanguard-asset-web/vendor/laravel/framework/src/Illuminate/Http/Middleware/HandleCors.php(49): Illuminate/Pipeline/Pipeline->Illuminate/Pipeline/{closure}(Object(Illuminate/Http/Request))
#52 D:/KULIAH/ISA ALI A/OOP/vanguardasset/vanguard-asset-web/vendor/laravel/framework/src/Illuminate/Pipeline/Pipeline.php(209): Illuminate/Http/Middleware/HandleCors->handle(Object(Illuminate/Http/Request), Object(Closure))
#53 D:/KULIAH/ISA ALI A/OOP/vanguardasset/vanguard-asset-web/vendor/laravel/framework/src/Illuminate/Http/Middleware/TrustProxies.php(58): Illuminate/Pipeline/Pipeline->Illuminate/Pipeline/{closure}(Object(Illuminate/Http/Request))
#54 D:/KULIAH/ISA ALI A/OOP/vanguardasset/vanguard-asset-web/vendor/laravel/framework/src/Illuminate/Pipeline/Pipeline.php(209): Illuminate/Http/Middleware/TrustProxies->handle(Object(Illuminate/Http/Request), Object(Closure))
#55 D:/KULIAH/ISA ALI A/OOP/vanguardasset/vanguard-asset-web/vendor/laravel/framework/src/Illuminate/Foundation/Http/Middleware/InvokeDeferredCallbacks.php(22): Illuminate/Pipeline/Pipeline->Illuminate/Pipeline/{closure}(Object(Illuminate/Http/Request))
#56 D:/KULIAH/ISA ALI A/OOP/vanguardasset/vanguard-asset-web/vendor/laravel/framework/src/Illuminate/Pipeline/Pipeline.php(209): Illuminate/Foundation/Http/Middleware/InvokeDeferredCallbacks->handle(Object(Illuminate/Http/Request), Object(Closure))
#57 D:/KULIAH/ISA ALI A/OOP/vanguardasset/vanguard-asset-web/vendor/laravel/framework/src/Illuminate/Pipeline/Pipeline.php(127): Illuminate/Pipeline/Pipeline->Illuminate/Pipeline/{closure}(Object(Illuminate/Http/Request))
#58 D:/KULIAH/ISA ALI A/OOP/vanguardasset/vanguard-asset-web/vendor/laravel/framework/src/Illuminate/Foundation/Http/Kernel.php(176): Illuminate/Pipeline/Pipeline->then(Object(Closure))
#59 D:/KULIAH/ISA ALI A/OOP/vanguardasset/vanguard-asset-web/vendor/laravel/framework/src/Illuminate/Foundation/Http/Kernel.php(145): Illuminate/Foundation/Http/Kernel->sendRequestThroughRouter(Object(Illuminate/Http/Request))
#60 D:/KULIAH/ISA ALI A/OOP/vanguardasset/vanguard-asset-web/public/index.php(36): Illuminate/Foundation/Http/Kernel->handle(Object(Illuminate/Http/Request))
#61 D:/KULIAH/ISA ALI A/OOP/vanguardasset/vanguard-asset-web/vendor/laravel/framework/src/Illuminate/Foundation/resources/server.php(23): require_once('D://KULIAH//ISA A...')
#62 {main}
"} 
[2026-06-05 21:46:18] local.ERROR: could not find driver (Connection: mysql, SQL: select exists (select 1 from information_schema.tables where table_schema = 'vanguard_asset' and table_name = 'migrations' and table_type in ('BASE TABLE', 'SYSTEM VERSIONED')) as `exists`) {"exception":"[object] (Illuminate\\Database\\QueryException(code: 0): could not find driver (Connection: mysql, SQL: select exists (select 1 from information_schema.tables where table_schema = 'vanguard_asset' and table_name = 'migrations' and table_type in ('BASE TABLE', 'SYSTEM VERSIONED')) as `exists`) at D:/KULIAH/ISA ALI A/OOP/vanguardasset/vanguard-asset-web/vendor/laravel/framework/src/Illuminate/Database/Connection.php:825)
[stacktrace]
#0 D:/KULIAH/ISA ALI A/OOP/vanguardasset/vanguard-asset-web/vendor/laravel/framework/src/Illuminate/Database/Connection.php(779): Illuminate/Database/Connection->runQueryCallback()
#1 D:/KULIAH/ISA ALI A/OOP/vanguardasset/vanguard-asset-web/vendor/laravel/framework/src/Illuminate/Database/Connection.php(398): Illuminate/Database/Connection->run()
#2 D:/KULIAH/ISA ALI A/OOP/vanguardasset/vanguard-asset-web/vendor/laravel/framework/src/Illuminate/Database/Connection.php(344): Illuminate/Database/Connection->select()
#3 D:/KULIAH/ISA ALI A/OOP/vanguardasset/vanguard-asset-web/vendor/laravel/framework/src/Illuminate/Database/Connection.php(361): Illuminate/Database/Connection->selectOne()
#4 D:/KULIAH/ISA ALI A/OOP/vanguardasset/vanguard-asset-web/vendor/laravel/framework/src/Illuminate/Database/Schema/MySqlBuilder.php(45): Illuminate/Database/Connection->scalar()
#5 D:/KULIAH/ISA ALI A/OOP/vanguardasset/vanguard-asset-web/vendor/laravel/framework/src/Illuminate/Database/Migrations/DatabaseMigrationRepository.php(184): Illuminate/Database/Schema/MySqlBuilder->hasTable()
#6 D:/KULIAH/ISA ALI A/OOP/vanguardasset/vanguard-asset-web/vendor/laravel/framework/src/Illuminate/Database/Migrations/Migrator.php(742): Illuminate/Database/Migrations/DatabaseMigrationRepository->repositoryExists()
#7 D:/KULIAH/ISA ALI A/OOP/vanguardasset/vanguard-asset-web/vendor/laravel/framework/src/Illuminate/Database/Console/Migrations/MigrateCommand.php(165): Illuminate/Database/Migrations/Migrator->repositoryExists()
#8 D:/KULIAH/ISA ALI A/OOP/vanguardasset/vanguard-asset-web/vendor/laravel/framework/src/Illuminate/Support/helpers.php(338): Illuminate/Database/Console/Migrations/MigrateCommand->{closure:Illuminate/Database/Console/Migrations/MigrateCommand::repositoryExists():165}()
#9 D:/KULIAH/ISA ALI A/OOP/vanguardasset/vanguard-asset-web/vendor/laravel/framework/src/Illuminate/Database/Console/Migrations/MigrateCommand.php(165): retry()
#10 D:/KULIAH/ISA ALI A/OOP/vanguardasset/vanguard-asset-web/vendor/laravel/framework/src/Illuminate/Database/Console/Migrations/MigrateCommand.php(141): Illuminate/Database/Console/Migrations/MigrateCommand->repositoryExists()
#11 D:/KULIAH/ISA ALI A/OOP/vanguardasset/vanguard-asset-web/vendor/laravel/framework/src/Illuminate/Database/Console/Migrations/MigrateCommand.php(111): Illuminate/Database/Console/Migrations/MigrateCommand->prepareDatabase()
#12 D:/KULIAH/ISA ALI A/OOP/vanguardasset/vanguard-asset-web/vendor/laravel/framework/src/Illuminate/Database/Migrations/Migrator.php(658): Illuminate/Database/Console/Migrations/MigrateCommand->{closure:Illuminate/Database/Console/Migrations/MigrateCommand::runMigrations():110}()
#13 D:/KULIAH/ISA ALI A/OOP/vanguardasset/vanguard-asset-web/vendor/laravel/framework/src/Illuminate/Database/Console/Migrations/MigrateCommand.php(110): Illuminate/Database/Migrations/Migrator->usingConnection()
#14 D:/KULIAH/ISA ALI A/OOP/vanguardasset/vanguard-asset-web/vendor/laravel/framework/src/Illuminate/Database/Console/Migrations/MigrateCommand.php(89): Illuminate/Database/Console/Migrations/MigrateCommand->runMigrations()
#15 D:/KULIAH/ISA ALI A/OOP/vanguardasset/vanguard-asset-web/vendor/laravel/framework/src/Illuminate/Container/BoundMethod.php(36): Illuminate/Database/Console/Migrations/MigrateCommand->handle()
#16 D:/KULIAH/ISA ALI A/OOP/vanguardasset/vanguard-asset-web/vendor/laravel/framework/src/Illuminate/Container/Util.php(43): Illuminate/Container/BoundMethod::{closure:Illuminate/Container/BoundMethod::call():35}()
#17 D:/KULIAH/ISA ALI A/OOP/vanguardasset/vanguard-asset-web/vendor/laravel/framework/src/Illuminate/Container/BoundMethod.php(95): Illuminate/Container/Util::unwrapIfClosure()
#18 D:/KULIAH/ISA ALI A/OOP/vanguardasset/vanguard-asset-web/vendor/laravel/framework/src/Illuminate/Container/BoundMethod.php(35): Illuminate/Container/BoundMethod::callBoundMethod()
#19 D:/KULIAH/ISA ALI A/OOP/vanguardasset/vanguard-asset-web/vendor/laravel/framework/src/Illuminate/Container/Container.php(696): Illuminate/Container/BoundMethod::call()
#20 D:/KULIAH/ISA ALI A/OOP/vanguardasset/vanguard-asset-web/vendor/laravel/framework/src/Illuminate/Console/Command.php(213): Illuminate/Container/Container->call()
#21 D:/KULIAH/ISA ALI A/OOP/vanguardasset/vanguard-asset-web/vendor/symfony/console/Command/Command.php(341): Illuminate/Console/Command->execute()
#22 D:/KULIAH/ISA ALI A/OOP/vanguardasset/vanguard-asset-web/vendor/laravel/framework/src/Illuminate/Console/Command.php(182): Symfony/Component/Console/Command/Command->run()
#23 D:/KULIAH/ISA ALI A/OOP/vanguardasset/vanguard-asset-web/vendor/symfony/console/Application.php(1117): Illuminate/Console/Command->run()
#24 D:/KULIAH/ISA ALI A/OOP/vanguardasset/vanguard-asset-web/vendor/symfony/console/Application.php(356): Symfony/Component/Console/Application->doRunCommand()
#25 D:/KULIAH/ISA ALI A/OOP/vanguardasset/vanguard-asset-web/vendor/symfony/console/Application.php(195): Symfony/Component/Console/Application->doRun()
#26 D:/KULIAH/ISA ALI A/OOP/vanguardasset/vanguard-asset-web/vendor/laravel/framework/src/Illuminate/Foundation/Console/Kernel.php(198): Symfony/Component/Console/Application->run()
#27 D:/KULIAH/ISA ALI A/OOP/vanguardasset/vanguard-asset-web/artisan(16): Illuminate/Foundation/Console/Kernel->handle()
#28 {main}

[previous exception] [object] (PDOException(code: 0): could not find driver at D:/KULIAH/ISA ALI A/OOP/vanguardasset/vanguard-asset-web/vendor/laravel/framework/src/Illuminate/Database/Connectors/Connector.php:67)
[stacktrace]
#0 D:/KULIAH/ISA ALI A/OOP/vanguardasset/vanguard-asset-web/vendor/laravel/framework/src/Illuminate/Database/Connectors/Connector.php(67): PDO::connect()
#1 D:/KULIAH/ISA ALI A/OOP/vanguardasset/vanguard-asset-web/vendor/laravel/framework/src/Illuminate/Database/Connectors/Connector.php(44): Illuminate/Database/Connectors/Connector->createPdoConnection()
#2 D:/KULIAH/ISA ALI A/OOP/vanguardasset/vanguard-asset-web/vendor/laravel/framework/src/Illuminate/Database/Connectors/MySqlConnector.php(24): Illuminate/Database/Connectors/Connector->createConnection()
#3 D:/KULIAH/ISA ALI A/OOP/vanguardasset/vanguard-asset-web/vendor/laravel/framework/src/Illuminate/Database/Connectors/ConnectionFactory.php(185): Illuminate/Database/Connectors/MySqlConnector->connect()
#4 [internal function]: Illuminate/Database/Connectors/ConnectionFactory->{closure:Illuminate/Database/Connectors/ConnectionFactory::createPdoResolverWithHosts():180}()
#5 D:/KULIAH/ISA ALI A/OOP/vanguardasset/vanguard-asset-web/vendor/laravel/framework/src/Illuminate/Database/Connection.php(1231): call_user_func()
#6 D:/KULIAH/ISA ALI A/OOP/vanguardasset/vanguard-asset-web/vendor/laravel/framework/src/Illuminate/Database/Connection.php(1267): Illuminate/Database/Connection->getPdo()
#7 D:/KULIAH/ISA ALI A/OOP/vanguardasset/vanguard-asset-web/vendor/laravel/framework/src/Illuminate/Database/Connection.php(512): Illuminate/Database/Connection->getReadPdo()
#8 D:/KULIAH/ISA ALI A/OOP/vanguardasset/vanguard-asset-web/vendor/laravel/framework/src/Illuminate/Database/Connection.php(407): Illuminate/Database/Connection->getPdoForSelect()
#9 D:/KULIAH/ISA ALI A/OOP/vanguardasset/vanguard-asset-web/vendor/laravel/framework/src/Illuminate/Database/Connection.php(812): Illuminate/Database/Connection->{closure:Illuminate/Database/Connection::select():398}()
#10 D:/KULIAH/ISA ALI A/OOP/vanguardasset/vanguard-asset-web/vendor/laravel/framework/src/Illuminate/Database/Connection.php(779): Illuminate/Database/Connection->runQueryCallback()
#11 D:/KULIAH/ISA ALI A/OOP/vanguardasset/vanguard-asset-web/vendor/laravel/framework/src/Illuminate/Database/Connection.php(398): Illuminate/Database/Connection->run()
#12 D:/KULIAH/ISA ALI A/OOP/vanguardasset/vanguard-asset-web/vendor/laravel/framework/src/Illuminate/Database/Connection.php(344): Illuminate/Database/Connection->select()
#13 D:/KULIAH/ISA ALI A/OOP/vanguardasset/vanguard-asset-web/vendor/laravel/framework/src/Illuminate/Database/Connection.php(361): Illuminate/Database/Connection->selectOne()
#14 D:/KULIAH/ISA ALI A/OOP/vanguardasset/vanguard-asset-web/vendor/laravel/framework/src/Illuminate/Database/Schema/MySqlBuilder.php(45): Illuminate/Database/Connection->scalar()
#15 D:/KULIAH/ISA ALI A/OOP/vanguardasset/vanguard-asset-web/vendor/laravel/framework/src/Illuminate/Database/Migrations/DatabaseMigrationRepository.php(184): Illuminate/Database/Schema/MySqlBuilder->hasTable()
#16 D:/KULIAH/ISA ALI A/OOP/vanguardasset/vanguard-asset-web/vendor/laravel/framework/src/Illuminate/Database/Migrations/Migrator.php(742): Illuminate/Database/Migrations/DatabaseMigrationRepository->repositoryExists()
#17 D:/KULIAH/ISA ALI A/OOP/vanguardasset/vanguard-asset-web/vendor/laravel/framework/src/Illuminate/Database/Console/Migrations/MigrateCommand.php(165): Illuminate/Database/Migrations/Migrator->repositoryExists()
#18 D:/KULIAH/ISA ALI A/OOP/vanguardasset/vanguard-asset-web/vendor/laravel/framework/src/Illuminate/Support/helpers.php(338): Illuminate/Database/Console/Migrations/MigrateCommand->{closure:Illuminate/Database/Console/Migrations/MigrateCommand::repositoryExists():165}()
#19 D:/KULIAH/ISA ALI A/OOP/vanguardasset/vanguard-asset-web/vendor/laravel/framework/src/Illuminate/Database/Console/Migrations/MigrateCommand.php(165): retry()
#20 D:/KULIAH/ISA ALI A/OOP/vanguardasset/vanguard-asset-web/vendor/laravel/framework/src/Illuminate/Database/Console/Migrations/MigrateCommand.php(141): Illuminate/Database/Console/Migrations/MigrateCommand->repositoryExists()
#21 D:/KULIAH/ISA ALI A/OOP/vanguardasset/vanguard-asset-web/vendor/laravel/framework/src/Illuminate/Database/Console/Migrations/MigrateCommand.php(111): Illuminate/Database/Console/Migrations/MigrateCommand->prepareDatabase()
#22 D:/KULIAH/ISA ALI A/OOP/vanguardasset/vanguard-asset-web/vendor/laravel/framework/src/Illuminate/Database/Migrations/Migrator.php(658): Illuminate/Database/Console/Migrations/MigrateCommand->{closure:Illuminate/Database/Console/Migrations/MigrateCommand::runMigrations():110}()
#23 D:/KULIAH/ISA ALI A/OOP/vanguardasset/vanguard-asset-web/vendor/laravel/framework/src/Illuminate/Database/Console/Migrations/MigrateCommand.php(110): Illuminate/Database/Migrations/Migrator->usingConnection()
#24 D:/KULIAH/ISA ALI A/OOP/vanguardasset/vanguard-asset-web/vendor/laravel/framework/src/Illuminate/Database/Console/Migrations/MigrateCommand.php(89): Illuminate/Database/Console/Migrations/MigrateCommand->runMigrations()
#25 D:/KULIAH/ISA ALI A/OOP/vanguardasset/vanguard-asset-web/vendor/laravel/framework/src/Illuminate/Container/BoundMethod.php(36): Illuminate/Database/Console/Migrations/MigrateCommand->handle()
#26 D:/KULIAH/ISA ALI A/OOP/vanguardasset/vanguard-asset-web/vendor/laravel/framework/src/Illuminate/Container/Util.php(43): Illuminate/Container/BoundMethod::{closure:Illuminate/Container/BoundMethod::call():35}()
#27 D:/KULIAH/ISA ALI A/OOP/vanguardasset/vanguard-asset-web/vendor/laravel/framework/src/Illuminate/Container/BoundMethod.php(95): Illuminate/Container/Util::unwrapIfClosure()
#28 D:/KULIAH/ISA ALI A/OOP/vanguardasset/vanguard-asset-web/vendor/laravel/framework/src/Illuminate/Container/BoundMethod.php(35): Illuminate/Container/BoundMethod::callBoundMethod()
#29 D:/KULIAH/ISA ALI A/OOP/vanguardasset/vanguard-asset-web/vendor/laravel/framework/src/Illuminate/Container/Container.php(696): Illuminate/Container/BoundMethod::call()
#30 D:/KULIAH/ISA ALI A/OOP/vanguardasset/vanguard-asset-web/vendor/laravel/framework/src/Illuminate/Console/Command.php(213): Illuminate/Container/Container->call()
#31 D:/KULIAH/ISA ALI A/OOP/vanguardasset/vanguard-asset-web/vendor/symfony/console/Command/Command.php(341): Illuminate/Console/Command->execute()
#32 D:/KULIAH/ISA ALI A/OOP/vanguardasset/vanguard-asset-web/vendor/laravel/framework/src/Illuminate/Console/Command.php(182): Symfony/Component/Console/Command/Command->run()
#33 D:/KULIAH/ISA ALI A/OOP/vanguardasset/vanguard-asset-web/vendor/symfony/console/Application.php(1117): Illuminate/Console/Command->run()
#34 D:/KULIAH/ISA ALI A/OOP/vanguardasset/vanguard-asset-web/vendor/symfony/console/Application.php(356): Symfony/Component/Console/Application->doRunCommand()
#35 D:/KULIAH/ISA ALI A/OOP/vanguardasset/vanguard-asset-web/vendor/symfony/console/Application.php(195): Symfony/Component/Console/Application->doRun()
#36 D:/KULIAH/ISA ALI A/OOP/vanguardasset/vanguard-asset-web/vendor/laravel/framework/src/Illuminate/Foundation/Console/Kernel.php(198): Symfony/Component/Console/Application->run()
#37 D:/KULIAH/ISA ALI A/OOP/vanguardasset/vanguard-asset-web/artisan(16): Illuminate/Foundation/Console/Kernel->handle()
#38 {main}
"} 
[2026-06-05 22:03:11] local.ERROR: could not find driver (Connection: mysql, SQL: select * from `sessions` where `id` = 9zHhXangiThprWu0ENbYF9EmTijEH0eCF4F0Cwo3 limit 1) {"exception":"[object] (Illuminate\\Database\\QueryException(code: 0): could not find driver (Connection: mysql, SQL: select * from `sessions` where `id` = 9zHhXangiThprWu0ENbYF9EmTijEH0eCF4F0Cwo3 limit 1) at D:/KULIAH/ISA ALI A/OOP/vanguardasset/vanguard-asset-web/vendor/laravel/framework/src/Illuminate/Database/Connection.php:825)
[stacktrace]
#0 D:/KULIAH/ISA ALI A/OOP/vanguardasset/vanguard-asset-web/vendor/laravel/framework/src/Illuminate/Database/Connection.php(779): Illuminate/Database/Connection->runQueryCallback()
#1 D:/KULIAH/ISA ALI A/OOP/vanguardasset/vanguard-asset-web/vendor/laravel/framework/src/Illuminate/Database/Connection.php(398): Illuminate/Database/Connection->run()
#2 D:/KULIAH/ISA ALI A/OOP/vanguardasset/vanguard-asset-web/vendor/laravel/framework/src/Illuminate/Database/Query/Builder.php(3106): Illuminate/Database/Connection->select()
#3 D:/KULIAH/ISA ALI A/OOP/vanguardasset/vanguard-asset-web/vendor/laravel/framework/src/Illuminate/Database/Query/Builder.php(3091): Illuminate/Database/Query/Builder->runSelect()
#4 D:/KULIAH/ISA ALI A/OOP/vanguardasset/vanguard-asset-web/vendor/laravel/framework/src/Illuminate/Database/Query/Builder.php(3676): Illuminate/Database/Query/Builder->{closure:Illuminate/Database/Query/Builder::get():3090}()
#5 D:/KULIAH/ISA ALI A/OOP/vanguardasset/vanguard-asset-web/vendor/laravel/framework/src/Illuminate/Database/Query/Builder.php(3090): Illuminate/Database/Query/Builder->onceWithColumns()
#6 D:/KULIAH/ISA ALI A/OOP/vanguardasset/vanguard-asset-web/vendor/laravel/framework/src/Illuminate/Database/Concerns/BuildsQueries.php(343): Illuminate/Database/Query/Builder->get()
#7 D:/KULIAH/ISA ALI A/OOP/vanguardasset/vanguard-asset-web/vendor/laravel/framework/src/Illuminate/Database/Query/Builder.php(3013): Illuminate/Database/Query/Builder->first()
#8 D:/KULIAH/ISA ALI A/OOP/vanguardasset/vanguard-asset-web/vendor/laravel/framework/src/Illuminate/Session/DatabaseSessionHandler.php(97): Illuminate/Database/Query/Builder->find()
#9 D:/KULIAH/ISA ALI A/OOP/vanguardasset/vanguard-asset-web/vendor/laravel/framework/src/Illuminate/Session/Store.php(117): Illuminate/Session/DatabaseSessionHandler->read()
#10 D:/KULIAH/ISA ALI A/OOP/vanguardasset/vanguard-asset-web/vendor/laravel/framework/src/Illuminate/Session/Store.php(105): Illuminate/Session/Store->readFromHandler()
#11 D:/KULIAH/ISA ALI A/OOP/vanguardasset/vanguard-asset-web/vendor/laravel/framework/src/Illuminate/Session/Store.php(89): Illuminate/Session/Store->loadSession()
#12 D:/KULIAH/ISA ALI A/OOP/vanguardasset/vanguard-asset-web/vendor/laravel/framework/src/Illuminate/Session/Middleware/StartSession.php(147): Illuminate/Session/Store->start()
#13 D:/KULIAH/ISA ALI A/OOP/vanguardasset/vanguard-asset-web/vendor/laravel/framework/src/Illuminate/Support/helpers.php(399): Illuminate/Session/Middleware/StartSession->{closure:Illuminate/Session/Middleware/StartSession::startSession():144}()
#14 D:/KULIAH/ISA ALI A/OOP/vanguardasset/vanguard-asset-web/vendor/laravel/framework/src/Illuminate/Session/Middleware/StartSession.php(144): tap()
#15 D:/KULIAH/ISA ALI A/OOP/vanguardasset/vanguard-asset-web/vendor/laravel/framework/src/Illuminate/Session/Middleware/StartSession.php(116): Illuminate/Session/Middleware/StartSession->startSession()
#16 D:/KULIAH/ISA ALI A/OOP/vanguardasset/vanguard-asset-web/vendor/laravel/framework/src/Illuminate/Session/Middleware/StartSession.php(64): Illuminate/Session/Middleware/StartSession->handleStatefulRequest()
#17 D:/KULIAH/ISA ALI A/OOP/vanguardasset/vanguard-asset-web/vendor/laravel/framework/src/Illuminate/Pipeline/Pipeline.php(209): Illuminate/Session/Middleware/StartSession->handle()
#18 D:/KULIAH/ISA ALI A/OOP/vanguardasset/vanguard-asset-web/vendor/laravel/framework/src/Illuminate/Cookie/Middleware/AddQueuedCookiesToResponse.php(37): Illuminate/Pipeline/Pipeline->{closure:{closure:Illuminate/Pipeline/Pipeline::carry():184}:185}()
#19 D:/KULIAH/ISA ALI A/OOP/vanguardasset/vanguard-asset-web/vendor/laravel/framework/src/Illuminate/Pipeline/Pipeline.php(209): Illuminate/Cookie/Middleware/AddQueuedCookiesToResponse->handle()
#20 D:/KULIAH/ISA ALI A/OOP/vanguardasset/vanguard-asset-web/vendor/laravel/framework/src/Illuminate/Cookie/Middleware/EncryptCookies.php(75): Illuminate/Pipeline/Pipeline->{closure:{closure:Illuminate/Pipeline/Pipeline::carry():184}:185}()
#21 D:/KULIAH/ISA ALI A/OOP/vanguardasset/vanguard-asset-web/vendor/laravel/framework/src/Illuminate/Pipeline/Pipeline.php(209): Illuminate/Cookie/Middleware/EncryptCookies->handle()
#22 D:/KULIAH/ISA ALI A/OOP/vanguardasset/vanguard-asset-web/vendor/laravel/framework/src/Illuminate/Pipeline/Pipeline.php(127): Illuminate/Pipeline/Pipeline->{closure:{closure:Illuminate/Pipeline/Pipeline::carry():184}:185}()
#23 D:/KULIAH/ISA ALI A/OOP/vanguardasset/vanguard-asset-web/vendor/laravel/framework/src/Illuminate/Routing/Router.php(807): Illuminate/Pipeline/Pipeline->then()
#24 D:/KULIAH/ISA ALI A/OOP/vanguardasset/vanguard-asset-web/vendor/laravel/framework/src/Illuminate/Routing/Router.php(786): Illuminate/Routing/Router->runRouteWithinStack()
#25 D:/KULIAH/ISA ALI A/OOP/vanguardasset/vanguard-asset-web/vendor/laravel/framework/src/Illuminate/Routing/Router.php(750): Illuminate/Routing/Router->runRoute()
#26 D:/KULIAH/ISA ALI A/OOP/vanguardasset/vanguard-asset-web/vendor/laravel/framework/src/Illuminate/Routing/Router.php(739): Illuminate/Routing/Router->dispatchToRoute()
#27 D:/KULIAH/ISA ALI A/OOP/vanguardasset/vanguard-asset-web/vendor/laravel/framework/src/Illuminate/Foundation/Http/Kernel.php(201): Illuminate/Routing/Router->dispatch()
#28 D:/KULIAH/ISA ALI A/OOP/vanguardasset/vanguard-asset-web/vendor/laravel/framework/src/Illuminate/Pipeline/Pipeline.php(170): Illuminate/Foundation/Http/Kernel->{closure:Illuminate/Foundation/Http/Kernel::dispatchToRouter():198}()
#29 D:/KULIAH/ISA ALI A/OOP/vanguardasset/vanguard-asset-web/vendor/laravel/framework/src/Illuminate/Foundation/Http/Middleware/TransformsRequest.php(21): Illuminate/Pipeline/Pipeline->{closure:Illuminate/Pipeline/Pipeline::prepareDestination():168}()
#30 D:/KULIAH/ISA ALI A/OOP/vanguardasset/vanguard-asset-web/vendor/laravel/framework/src/Illuminate/Foundation/Http/Middleware/ConvertEmptyStringsToNull.php(31): Illuminate/Foundation/Http/Middleware/TransformsRequest->handle()
#31 D:/KULIAH/ISA ALI A/OOP/vanguardasset/vanguard-asset-web/vendor/laravel/framework/src/Illuminate/Pipeline/Pipeline.php(209): Illuminate/Foundation/Http/Middleware/ConvertEmptyStringsToNull->handle()
#32 D:/KULIAH/ISA ALI A/OOP/vanguardasset/vanguard-asset-web/vendor/laravel/framework/src/Illuminate/Foundation/Http/Middleware/TransformsRequest.php(21): Illuminate/Pipeline/Pipeline->{closure:{closure:Illuminate/Pipeline/Pipeline::carry():184}:185}()
#33 D:/KULIAH/ISA ALI A/OOP/vanguardasset/vanguard-asset-web/vendor/laravel/framework/src/Illuminate/Foundation/Http/Middleware/TrimStrings.php(51): Illuminate/Foundation/Http/Middleware/TransformsRequest->handle()
#34 D:/KULIAH/ISA ALI A/OOP/vanguardasset/vanguard-asset-web/vendor/laravel/framework/src/Illuminate/Pipeline/Pipeline.php(209): Illuminate/Foundation/Http/Middleware/TrimStrings->handle()
#35 D:/KULIAH/ISA ALI A/OOP/vanguardasset/vanguard-asset-web/vendor/laravel/framework/src/Illuminate/Http/Middleware/ValidatePostSize.php(27): Illuminate/Pipeline/Pipeline->{closure:{closure:Illuminate/Pipeline/Pipeline::carry():184}:185}()
#36 D:/KULIAH/ISA ALI A/OOP/vanguardasset/vanguard-asset-web/vendor/laravel/framework/src/Illuminate/Pipeline/Pipeline.php(209): Illuminate/Http/Middleware/ValidatePostSize->handle()
#37 D:/KULIAH/ISA ALI A/OOP/vanguardasset/vanguard-asset-web/vendor/laravel/framework/src/Illuminate/Foundation/Http/Middleware/PreventRequestsDuringMaintenance.php(110): Illuminate/Pipeline/Pipeline->{closure:{closure:Illuminate/Pipeline/Pipeline::carry():184}:185}()
#38 D:/KULIAH/ISA ALI A/OOP/vanguardasset/vanguard-asset-web/vendor/laravel/framework/src/Illuminate/Pipeline/Pipeline.php(209): Illuminate/Foundation/Http/Middleware/PreventRequestsDuringMaintenance->handle()
#39 D:/KULIAH/ISA ALI A/OOP/vanguardasset/vanguard-asset-web/vendor/laravel/framework/src/Illuminate/Http/Middleware/HandleCors.php(49): Illuminate/Pipeline/Pipeline->{closure:{closure:Illuminate/Pipeline/Pipeline::carry():184}:185}()
#40 D:/KULIAH/ISA ALI A/OOP/vanguardasset/vanguard-asset-web/vendor/laravel/framework/src/Illuminate/Pipeline/Pipeline.php(209): Illuminate/Http/Middleware/HandleCors->handle()
#41 D:/KULIAH/ISA ALI A/OOP/vanguardasset/vanguard-asset-web/vendor/laravel/framework/src/Illuminate/Http/Middleware/TrustProxies.php(58): Illuminate/Pipeline/Pipeline->{closure:{closure:Illuminate/Pipeline/Pipeline::carry():184}:185}()
#42 D:/KULIAH/ISA ALI A/OOP/vanguardasset/vanguard-asset-web/vendor/laravel/framework/src/Illuminate/Pipeline/Pipeline.php(209): Illuminate/Http/Middleware/TrustProxies->handle()
#43 D:/KULIAH/ISA ALI A/OOP/vanguardasset/vanguard-asset-web/vendor/laravel/framework/src/Illuminate/Foundation/Http/Middleware/InvokeDeferredCallbacks.php(22): Illuminate/Pipeline/Pipeline->{closure:{closure:Illuminate/Pipeline/Pipeline::carry():184}:185}()
#44 D:/KULIAH/ISA ALI A/OOP/vanguardasset/vanguard-asset-web/vendor/laravel/framework/src/Illuminate/Pipeline/Pipeline.php(209): Illuminate/Foundation/Http/Middleware/InvokeDeferredCallbacks->handle()
#45 D:/KULIAH/ISA ALI A/OOP/vanguardasset/vanguard-asset-web/vendor/laravel/framework/src/Illuminate/Pipeline/Pipeline.php(127): Illuminate/Pipeline/Pipeline->{closure:{closure:Illuminate/Pipeline/Pipeline::carry():184}:185}()
#46 D:/KULIAH/ISA ALI A/OOP/vanguardasset/vanguard-asset-web/vendor/laravel/framework/src/Illuminate/Foundation/Http/Kernel.php(176): Illuminate/Pipeline/Pipeline->then()
#47 D:/KULIAH/ISA ALI A/OOP/vanguardasset/vanguard-asset-web/vendor/laravel/framework/src/Illuminate/Foundation/Http/Kernel.php(145): Illuminate/Foundation/Http/Kernel->sendRequestThroughRouter()
#48 D:/KULIAH/ISA ALI A/OOP/vanguardasset/vanguard-asset-web/public/index.php(36): Illuminate/Foundation/Http/Kernel->handle()
#49 D:/KULIAH/ISA ALI A/OOP/vanguardasset/vanguard-asset-web/vendor/laravel/framework/src/Illuminate/Foundation/resources/server.php(23): require_once('...')
#50 {main}

[previous exception] [object] (PDOException(code: 0): could not find driver at D:/KULIAH/ISA ALI A/OOP/vanguardasset/vanguard-asset-web/vendor/laravel/framework/src/Illuminate/Database/Connectors/Connector.php:67)
[stacktrace]
#0 D:/KULIAH/ISA ALI A/OOP/vanguardasset/vanguard-asset-web/vendor/laravel/framework/src/Illuminate/Database/Connectors/Connector.php(67): PDO::connect()
#1 D:/KULIAH/ISA ALI A/OOP/vanguardasset/vanguard-asset-web/vendor/laravel/framework/src/Illuminate/Database/Connectors/Connector.php(44): Illuminate/Database/Connectors/Connector->createPdoConnection()
#2 D:/KULIAH/ISA ALI A/OOP/vanguardasset/vanguard-asset-web/vendor/laravel/framework/src/Illuminate/Database/Connectors/MySqlConnector.php(24): Illuminate/Database/Connectors/Connector->createConnection()
#3 D:/KULIAH/ISA ALI A/OOP/vanguardasset/vanguard-asset-web/vendor/laravel/framework/src/Illuminate/Database/Connectors/ConnectionFactory.php(185): Illuminate/Database/Connectors/MySqlConnector->connect()
#4 [internal function]: Illuminate/Database/Connectors/ConnectionFactory->{closure:Illuminate/Database/Connectors/ConnectionFactory::createPdoResolverWithHosts():180}()
#5 D:/KULIAH/ISA ALI A/OOP/vanguardasset/vanguard-asset-web/vendor/laravel/framework/src/Illuminate/Database/Connection.php(1231): call_user_func()
#6 D:/KULIAH/ISA ALI A/OOP/vanguardasset/vanguard-asset-web/vendor/laravel/framework/src/Illuminate/Database/Connection.php(512): Illuminate/Database/Connection->getPdo()
#7 D:/KULIAH/ISA ALI A/OOP/vanguardasset/vanguard-asset-web/vendor/laravel/framework/src/Illuminate/Database/Connection.php(407): Illuminate/Database/Connection->getPdoForSelect()
#8 D:/KULIAH/ISA ALI A/OOP/vanguardasset/vanguard-asset-web/vendor/laravel/framework/src/Illuminate/Database/Connection.php(812): Illuminate/Database/Connection->{closure:Illuminate/Database/Connection::select():398}()
#9 D:/KULIAH/ISA ALI A/OOP/vanguardasset/vanguard-asset-web/vendor/laravel/framework/src/Illuminate/Database/Connection.php(779): Illuminate/Database/Connection->runQueryCallback()
#10 D:/KULIAH/ISA ALI A/OOP/vanguardasset/vanguard-asset-web/vendor/laravel/framework/src/Illuminate/Database/Connection.php(398): Illuminate/Database/Connection->run()
#11 D:/KULIAH/ISA ALI A/OOP/vanguardasset/vanguard-asset-web/vendor/laravel/framework/src/Illuminate/Database/Query/Builder.php(3106): Illuminate/Database/Connection->select()
#12 D:/KULIAH/ISA ALI A/OOP/vanguardasset/vanguard-asset-web/vendor/laravel/framework/src/Illuminate/Database/Query/Builder.php(3091): Illuminate/Database/Query/Builder->runSelect()
#13 D:/KULIAH/ISA ALI A/OOP/vanguardasset/vanguard-asset-web/vendor/laravel/framework/src/Illuminate/Database/Query/Builder.php(3676): Illuminate/Database/Query/Builder->{closure:Illuminate/Database/Query/Builder::get():3090}()
#14 D:/KULIAH/ISA ALI A/OOP/vanguardasset/vanguard-asset-web/vendor/laravel/framework/src/Illuminate/Database/Query/Builder.php(3090): Illuminate/Database/Query/Builder->onceWithColumns()
#15 D:/KULIAH/ISA ALI A/OOP/vanguardasset/vanguard-asset-web/vendor/laravel/framework/src/Illuminate/Database/Concerns/BuildsQueries.php(343): Illuminate/Database/Query/Builder->get()
#16 D:/KULIAH/ISA ALI A/OOP/vanguardasset/vanguard-asset-web/vendor/laravel/framework/src/Illuminate/Database/Query/Builder.php(3013): Illuminate/Database/Query/Builder->first()
#17 D:/KULIAH/ISA ALI A/OOP/vanguardasset/vanguard-asset-web/vendor/laravel/framework/src/Illuminate/Session/DatabaseSessionHandler.php(97): Illuminate/Database/Query/Builder->find()
#18 D:/KULIAH/ISA ALI A/OOP/vanguardasset/vanguard-asset-web/vendor/laravel/framework/src/Illuminate/Session/Store.php(117): Illuminate/Session/DatabaseSessionHandler->read()
#19 D:/KULIAH/ISA ALI A/OOP/vanguardasset/vanguard-asset-web/vendor/laravel/framework/src/Illuminate/Session/Store.php(105): Illuminate/Session/Store->readFromHandler()
#20 D:/KULIAH/ISA ALI A/OOP/vanguardasset/vanguard-asset-web/vendor/laravel/framework/src/Illuminate/Session/Store.php(89): Illuminate/Session/Store->loadSession()
#21 D:/KULIAH/ISA ALI A/OOP/vanguardasset/vanguard-asset-web/vendor/laravel/framework/src/Illuminate/Session/Middleware/StartSession.php(147): Illuminate/Session/Store->start()
#22 D:/KULIAH/ISA ALI A/OOP/vanguardasset/vanguard-asset-web/vendor/laravel/framework/src/Illuminate/Support/helpers.php(399): Illuminate/Session/Middleware/StartSession->{closure:Illuminate/Session/Middleware/StartSession::startSession():144}()
#23 D:/KULIAH/ISA ALI A/OOP/vanguardasset/vanguard-asset-web/vendor/laravel/framework/src/Illuminate/Session/Middleware/StartSession.php(144): tap()
#24 D:/KULIAH/ISA ALI A/OOP/vanguardasset/vanguard-asset-web/vendor/laravel/framework/src/Illuminate/Session/Middleware/StartSession.php(116): Illuminate/Session/Middleware/StartSession->startSession()
#25 D:/KULIAH/ISA ALI A/OOP/vanguardasset/vanguard-asset-web/vendor/laravel/framework/src/Illuminate/Session/Middleware/StartSession.php(64): Illuminate/Session/Middleware/StartSession->handleStatefulRequest()
#26 D:/KULIAH/ISA ALI A/OOP/vanguardasset/vanguard-asset-web/vendor/laravel/framework/src/Illuminate/Pipeline/Pipeline.php(209): Illuminate/Session/Middleware/StartSession->handle()
#27 D:/KULIAH/ISA ALI A/OOP/vanguardasset/vanguard-asset-web/vendor/laravel/framework/src/Illuminate/Cookie/Middleware/AddQueuedCookiesToResponse.php(37): Illuminate/Pipeline/Pipeline->{closure:{closure:Illuminate/Pipeline/Pipeline::carry():184}:185}()
#28 D:/KULIAH/ISA ALI A/OOP/vanguardasset/vanguard-asset-web/vendor/laravel/framework/src/Illuminate/Pipeline/Pipeline.php(209): Illuminate/Cookie/Middleware/AddQueuedCookiesToResponse->handle()
#29 D:/KULIAH/ISA ALI A/OOP/vanguardasset/vanguard-asset-web/vendor/laravel/framework/src/Illuminate/Cookie/Middleware/EncryptCookies.php(75): Illuminate/Pipeline/Pipeline->{closure:{closure:Illuminate/Pipeline/Pipeline::carry():184}:185}()
#30 D:/KULIAH/ISA ALI A/OOP/vanguardasset/vanguard-asset-web/vendor/laravel/framework/src/Illuminate/Pipeline/Pipeline.php(209): Illuminate/Cookie/Middleware/EncryptCookies->handle()
#31 D:/KULIAH/ISA ALI A/OOP/vanguardasset/vanguard-asset-web/vendor/laravel/framework/src/Illuminate/Pipeline/Pipeline.php(127): Illuminate/Pipeline/Pipeline->{closure:{closure:Illuminate/Pipeline/Pipeline::carry():184}:185}()
#32 D:/KULIAH/ISA ALI A/OOP/vanguardasset/vanguard-asset-web/vendor/laravel/framework/src/Illuminate/Routing/Router.php(807): Illuminate/Pipeline/Pipeline->then()
#33 D:/KULIAH/ISA ALI A/OOP/vanguardasset/vanguard-asset-web/vendor/laravel/framework/src/Illuminate/Routing/Router.php(786): Illuminate/Routing/Router->runRouteWithinStack()
#34 D:/KULIAH/ISA ALI A/OOP/vanguardasset/vanguard-asset-web/vendor/laravel/framework/src/Illuminate/Routing/Router.php(750): Illuminate/Routing/Router->runRoute()
#35 D:/KULIAH/ISA ALI A/OOP/vanguardasset/vanguard-asset-web/vendor/laravel/framework/src/Illuminate/Routing/Router.php(739): Illuminate/Routing/Router->dispatchToRoute()
#36 D:/KULIAH/ISA ALI A/OOP/vanguardasset/vanguard-asset-web/vendor/laravel/framework/src/Illuminate/Foundation/Http/Kernel.php(201): Illuminate/Routing/Router->dispatch()
#37 D:/KULIAH/ISA ALI A/OOP/vanguardasset/vanguard-asset-web/vendor/laravel/framework/src/Illuminate/Pipeline/Pipeline.php(170): Illuminate/Foundation/Http/Kernel->{closure:Illuminate/Foundation/Http/Kernel::dispatchToRouter():198}()
#38 D:/KULIAH/ISA ALI A/OOP/vanguardasset/vanguard-asset-web/vendor/laravel/framework/src/Illuminate/Foundation/Http/Middleware/TransformsRequest.php(21): Illuminate/Pipeline/Pipeline->{closure:Illuminate/Pipeline/Pipeline::prepareDestination():168}()
#39 D:/KULIAH/ISA ALI A/OOP/vanguardasset/vanguard-asset-web/vendor/laravel/framework/src/Illuminate/Foundation/Http/Middleware/ConvertEmptyStringsToNull.php(31): Illuminate/Foundation/Http/Middleware/TransformsRequest->handle()
#40 D:/KULIAH/ISA ALI A/OOP/vanguardasset/vanguard-asset-web/vendor/laravel/framework/src/Illuminate/Pipeline/Pipeline.php(209): Illuminate/Foundation/Http/Middleware/ConvertEmptyStringsToNull->handle()
#41 D:/KULIAH/ISA ALI A/OOP/vanguardasset/vanguard-asset-web/vendor/laravel/framework/src/Illuminate/Foundation/Http/Middleware/TransformsRequest.php(21): Illuminate/Pipeline/Pipeline->{closure:{closure:Illuminate/Pipeline/Pipeline::carry():184}:185}()
#42 D:/KULIAH/ISA ALI A/OOP/vanguardasset/vanguard-asset-web/vendor/laravel/framework/src/Illuminate/Foundation/Http/Middleware/TrimStrings.php(51): Illuminate/Foundation/Http/Middleware/TransformsRequest->handle()
#43 D:/KULIAH/ISA ALI A/OOP/vanguardasset/vanguard-asset-web/vendor/laravel/framework/src/Illuminate/Pipeline/Pipeline.php(209): Illuminate/Foundation/Http/Middleware/TrimStrings->handle()
#44 D:/KULIAH/ISA ALI A/OOP/vanguardasset/vanguard-asset-web/vendor/laravel/framework/src/Illuminate/Http/Middleware/ValidatePostSize.php(27): Illuminate/Pipeline/Pipeline->{closure:{closure:Illuminate/Pipeline/Pipeline::carry():184}:185}()
#45 D:/KULIAH/ISA ALI A/OOP/vanguardasset/vanguard-asset-web/vendor/laravel/framework/src/Illuminate/Pipeline/Pipeline.php(209): Illuminate/Http/Middleware/ValidatePostSize->handle()
#46 D:/KULIAH/ISA ALI A/OOP/vanguardasset/vanguard-asset-web/vendor/laravel/framework/src/Illuminate/Foundation/Http/Middleware/PreventRequestsDuringMaintenance.php(110): Illuminate/Pipeline/Pipeline->{closure:{closure:Illuminate/Pipeline/Pipeline::carry():184}:185}()
#47 D:/KULIAH/ISA ALI A/OOP/vanguardasset/vanguard-asset-web/vendor/laravel/framework/src/Illuminate/Pipeline/Pipeline.php(209): Illuminate/Foundation/Http/Middleware/PreventRequestsDuringMaintenance->handle()
#48 D:/KULIAH/ISA ALI A/OOP/vanguardasset/vanguard-asset-web/vendor/laravel/framework/src/Illuminate/Http/Middleware/HandleCors.php(49): Illuminate/Pipeline/Pipeline->{closure:{closure:Illuminate/Pipeline/Pipeline::carry():184}:185}()
#49 D:/KULIAH/ISA ALI A/OOP/vanguardasset/vanguard-asset-web/vendor/laravel/framework/src/Illuminate/Pipeline/Pipeline.php(209): Illuminate/Http/Middleware/HandleCors->handle()
#50 D:/KULIAH/ISA ALI A/OOP/vanguardasset/vanguard-asset-web/vendor/laravel/framework/src/Illuminate/Http/Middleware/TrustProxies.php(58): Illuminate/Pipeline/Pipeline->{closure:{closure:Illuminate/Pipeline/Pipeline::carry():184}:185}()
#51 D:/KULIAH/ISA ALI A/OOP/vanguardasset/vanguard-asset-web/vendor/laravel/framework/src/Illuminate/Pipeline/Pipeline.php(209): Illuminate/Http/Middleware/TrustProxies->handle()
#52 D:/KULIAH/ISA ALI A/OOP/vanguardasset/vanguard-asset-web/vendor/laravel/framework/src/Illuminate/Foundation/Http/Middleware/InvokeDeferredCallbacks.php(22): Illuminate/Pipeline/Pipeline->{closure:{closure:Illuminate/Pipeline/Pipeline::carry():184}:185}()
#53 D:/KULIAH/ISA ALI A/OOP/vanguardasset/vanguard-asset-web/vendor/laravel/framework/src/Illuminate/Pipeline/Pipeline.php(209): Illuminate/Foundation/Http/Middleware/InvokeDeferredCallbacks->handle()
#54 D:/KULIAH/ISA ALI A/OOP/vanguardasset/vanguard-asset-web/vendor/laravel/framework/src/Illuminate/Pipeline/Pipeline.php(127): Illuminate/Pipeline/Pipeline->{closure:{closure:Illuminate/Pipeline/Pipeline::carry():184}:185}()
#55 D:/KULIAH/ISA ALI A/OOP/vanguardasset/vanguard-asset-web/vendor/laravel/framework/src/Illuminate/Foundation/Http/Kernel.php(176): Illuminate/Pipeline/Pipeline->then()
#56 D:/KULIAH/ISA ALI A/OOP/vanguardasset/vanguard-asset-web/vendor/laravel/framework/src/Illuminate/Foundation/Http/Kernel.php(145): Illuminate/Foundation/Http/Kernel->sendRequestThroughRouter()
#57 D:/KULIAH/ISA ALI A/OOP/vanguardasset/vanguard-asset-web/public/index.php(36): Illuminate/Foundation/Http/Kernel->handle()
#58 D:/KULIAH/ISA ALI A/OOP/vanguardasset/vanguard-asset-web/vendor/laravel/framework/src/Illuminate/Foundation/resources/server.php(23): require_once('...')
#59 {main}
"} 
[2026-06-05 22:03:56] local.ERROR: could not find driver (Connection: mysql, SQL: select exists (select 1 from information_schema.tables where table_schema = 'vanguard_asset' and table_name = 'migrations' and table_type in ('BASE TABLE', 'SYSTEM VERSIONED')) as `exists`) {"exception":"[object] (Illuminate\\Database\\QueryException(code: 0): could not find driver (Connection: mysql, SQL: select exists (select 1 from information_schema.tables where table_schema = 'vanguard_asset' and table_name = 'migrations' and table_type in ('BASE TABLE', 'SYSTEM VERSIONED')) as `exists`) at D:/KULIAH/ISA ALI A/OOP/vanguardasset/vanguard-asset-web/vendor/laravel/framework/src/Illuminate/Database/Connection.php:825)
[stacktrace]
#0 D:/KULIAH/ISA ALI A/OOP/vanguardasset/vanguard-asset-web/vendor/laravel/framework/src/Illuminate/Database/Connection.php(779): Illuminate/Database/Connection->runQueryCallback()
#1 D:/KULIAH/ISA ALI A/OOP/vanguardasset/vanguard-asset-web/vendor/laravel/framework/src/Illuminate/Database/Connection.php(398): Illuminate/Database/Connection->run()
#2 D:/KULIAH/ISA ALI A/OOP/vanguardasset/vanguard-asset-web/vendor/laravel/framework/src/Illuminate/Database/Connection.php(344): Illuminate/Database/Connection->select()
#3 D:/KULIAH/ISA ALI A/OOP/vanguardasset/vanguard-asset-web/vendor/laravel/framework/src/Illuminate/Database/Connection.php(361): Illuminate/Database/Connection->selectOne()
#4 D:/KULIAH/ISA ALI A/OOP/vanguardasset/vanguard-asset-web/vendor/laravel/framework/src/Illuminate/Database/Schema/MySqlBuilder.php(45): Illuminate/Database/Connection->scalar()
#5 D:/KULIAH/ISA ALI A/OOP/vanguardasset/vanguard-asset-web/vendor/laravel/framework/src/Illuminate/Database/Migrations/DatabaseMigrationRepository.php(184): Illuminate/Database/Schema/MySqlBuilder->hasTable()
#6 D:/KULIAH/ISA ALI A/OOP/vanguardasset/vanguard-asset-web/vendor/laravel/framework/src/Illuminate/Database/Migrations/Migrator.php(742): Illuminate/Database/Migrations/DatabaseMigrationRepository->repositoryExists()
#7 D:/KULIAH/ISA ALI A/OOP/vanguardasset/vanguard-asset-web/vendor/laravel/framework/src/Illuminate/Database/Console/Migrations/MigrateCommand.php(165): Illuminate/Database/Migrations/Migrator->repositoryExists()
#8 D:/KULIAH/ISA ALI A/OOP/vanguardasset/vanguard-asset-web/vendor/laravel/framework/src/Illuminate/Support/helpers.php(338): Illuminate/Database/Console/Migrations/MigrateCommand->{closure:Illuminate/Database/Console/Migrations/MigrateCommand::repositoryExists():165}()
#9 D:/KULIAH/ISA ALI A/OOP/vanguardasset/vanguard-asset-web/vendor/laravel/framework/src/Illuminate/Database/Console/Migrations/MigrateCommand.php(165): retry()
#10 D:/KULIAH/ISA ALI A/OOP/vanguardasset/vanguard-asset-web/vendor/laravel/framework/src/Illuminate/Database/Console/Migrations/MigrateCommand.php(141): Illuminate/Database/Console/Migrations/MigrateCommand->repositoryExists()
#11 D:/KULIAH/ISA ALI A/OOP/vanguardasset/vanguard-asset-web/vendor/laravel/framework/src/Illuminate/Database/Console/Migrations/MigrateCommand.php(111): Illuminate/Database/Console/Migrations/MigrateCommand->prepareDatabase()
#12 D:/KULIAH/ISA ALI A/OOP/vanguardasset/vanguard-asset-web/vendor/laravel/framework/src/Illuminate/Database/Migrations/Migrator.php(658): Illuminate/Database/Console/Migrations/MigrateCommand->{closure:Illuminate/Database/Console/Migrations/MigrateCommand::runMigrations():110}()
#13 D:/KULIAH/ISA ALI A/OOP/vanguardasset/vanguard-asset-web/vendor/laravel/framework/src/Illuminate/Database/Console/Migrations/MigrateCommand.php(110): Illuminate/Database/Migrations/Migrator->usingConnection()
#14 D:/KULIAH/ISA ALI A/OOP/vanguardasset/vanguard-asset-web/vendor/laravel/framework/src/Illuminate/Database/Console/Migrations/MigrateCommand.php(89): Illuminate/Database/Console/Migrations/MigrateCommand->runMigrations()
#15 D:/KULIAH/ISA ALI A/OOP/vanguardasset/vanguard-asset-web/vendor/laravel/framework/src/Illuminate/Container/BoundMethod.php(36): Illuminate/Database/Console/Migrations/MigrateCommand->handle()
#16 D:/KULIAH/ISA ALI A/OOP/vanguardasset/vanguard-asset-web/vendor/laravel/framework/src/Illuminate/Container/Util.php(43): Illuminate/Container/BoundMethod::{closure:Illuminate/Container/BoundMethod::call():35}()
#17 D:/KULIAH/ISA ALI A/OOP/vanguardasset/vanguard-asset-web/vendor/laravel/framework/src/Illuminate/Container/BoundMethod.php(95): Illuminate/Container/Util::unwrapIfClosure()
#18 D:/KULIAH/ISA ALI A/OOP/vanguardasset/vanguard-asset-web/vendor/laravel/framework/src/Illuminate/Container/BoundMethod.php(35): Illuminate/Container/BoundMethod::callBoundMethod()
#19 D:/KULIAH/ISA ALI A/OOP/vanguardasset/vanguard-asset-web/vendor/laravel/framework/src/Illuminate/Container/Container.php(696): Illuminate/Container/BoundMethod::call()
#20 D:/KULIAH/ISA ALI A/OOP/vanguardasset/vanguard-asset-web/vendor/laravel/framework/src/Illuminate/Console/Command.php(213): Illuminate/Container/Container->call()
#21 D:/KULIAH/ISA ALI A/OOP/vanguardasset/vanguard-asset-web/vendor/symfony/console/Command/Command.php(341): Illuminate/Console/Command->execute()
#22 D:/KULIAH/ISA ALI A/OOP/vanguardasset/vanguard-asset-web/vendor/laravel/framework/src/Illuminate/Console/Command.php(182): Symfony/Component/Console/Command/Command->run()
#23 D:/KULIAH/ISA ALI A/OOP/vanguardasset/vanguard-asset-web/vendor/symfony/console/Application.php(1117): Illuminate/Console/Command->run()
#24 D:/KULIAH/ISA ALI A/OOP/vanguardasset/vanguard-asset-web/vendor/symfony/console/Application.php(356): Symfony/Component/Console/Application->doRunCommand()
#25 D:/KULIAH/ISA ALI A/OOP/vanguardasset/vanguard-asset-web/vendor/symfony/console/Application.php(195): Symfony/Component/Console/Application->doRun()
#26 D:/KULIAH/ISA ALI A/OOP/vanguardasset/vanguard-asset-web/vendor/laravel/framework/src/Illuminate/Foundation/Console/Kernel.php(198): Symfony/Component/Console/Application->run()
#27 D:/KULIAH/ISA ALI A/OOP/vanguardasset/vanguard-asset-web/artisan(16): Illuminate/Foundation/Console/Kernel->handle()
#28 {main}

[previous exception] [object] (PDOException(code: 0): could not find driver at D:/KULIAH/ISA ALI A/OOP/vanguardasset/vanguard-asset-web/vendor/laravel/framework/src/Illuminate/Database/Connectors/Connector.php:67)
[stacktrace]
#0 D:/KULIAH/ISA ALI A/OOP/vanguardasset/vanguard-asset-web/vendor/laravel/framework/src/Illuminate/Database/Connectors/Connector.php(67): PDO::connect()
#1 D:/KULIAH/ISA ALI A/OOP/vanguardasset/vanguard-asset-web/vendor/laravel/framework/src/Illuminate/Database/Connectors/Connector.php(44): Illuminate/Database/Connectors/Connector->createPdoConnection()
#2 D:/KULIAH/ISA ALI A/OOP/vanguardasset/vanguard-asset-web/vendor/laravel/framework/src/Illuminate/Database/Connectors/MySqlConnector.php(24): Illuminate/Database/Connectors/Connector->createConnection()
#3 D:/KULIAH/ISA ALI A/OOP/vanguardasset/vanguard-asset-web/vendor/laravel/framework/src/Illuminate/Database/Connectors/ConnectionFactory.php(185): Illuminate/Database/Connectors/MySqlConnector->connect()
#4 [internal function]: Illuminate/Database/Connectors/ConnectionFactory->{closure:Illuminate/Database/Connectors/ConnectionFactory::createPdoResolverWithHosts():180}()
#5 D:/KULIAH/ISA ALI A/OOP/vanguardasset/vanguard-asset-web/vendor/laravel/framework/src/Illuminate/Database/Connection.php(1231): call_user_func()
#6 D:/KULIAH/ISA ALI A/OOP/vanguardasset/vanguard-asset-web/vendor/laravel/framework/src/Illuminate/Database/Connection.php(1267): Illuminate/Database/Connection->getPdo()
#7 D:/KULIAH/ISA ALI A/OOP/vanguardasset/vanguard-asset-web/vendor/laravel/framework/src/Illuminate/Database/Connection.php(512): Illuminate/Database/Connection->getReadPdo()
#8 D:/KULIAH/ISA ALI A/OOP/vanguardasset/vanguard-asset-web/vendor/laravel/framework/src/Illuminate/Database/Connection.php(407): Illuminate/Database/Connection->getPdoForSelect()
#9 D:/KULIAH/ISA ALI A/OOP/vanguardasset/vanguard-asset-web/vendor/laravel/framework/src/Illuminate/Database/Connection.php(812): Illuminate/Database/Connection->{closure:Illuminate/Database/Connection::select():398}()
#10 D:/KULIAH/ISA ALI A/OOP/vanguardasset/vanguard-asset-web/vendor/laravel/framework/src/Illuminate/Database/Connection.php(779): Illuminate/Database/Connection->runQueryCallback()
#11 D:/KULIAH/ISA ALI A/OOP/vanguardasset/vanguard-asset-web/vendor/laravel/framework/src/Illuminate/Database/Connection.php(398): Illuminate/Database/Connection->run()
#12 D:/KULIAH/ISA ALI A/OOP/vanguardasset/vanguard-asset-web/vendor/laravel/framework/src/Illuminate/Database/Connection.php(344): Illuminate/Database/Connection->select()
#13 D:/KULIAH/ISA ALI A/OOP/vanguardasset/vanguard-asset-web/vendor/laravel/framework/src/Illuminate/Database/Connection.php(361): Illuminate/Database/Connection->selectOne()
#14 D:/KULIAH/ISA ALI A/OOP/vanguardasset/vanguard-asset-web/vendor/laravel/framework/src/Illuminate/Database/Schema/MySqlBuilder.php(45): Illuminate/Database/Connection->scalar()
#15 D:/KULIAH/ISA ALI A/OOP/vanguardasset/vanguard-asset-web/vendor/laravel/framework/src/Illuminate/Database/Migrations/DatabaseMigrationRepository.php(184): Illuminate/Database/Schema/MySqlBuilder->hasTable()
#16 D:/KULIAH/ISA ALI A/OOP/vanguardasset/vanguard-asset-web/vendor/laravel/framework/src/Illuminate/Database/Migrations/Migrator.php(742): Illuminate/Database/Migrations/DatabaseMigrationRepository->repositoryExists()
#17 D:/KULIAH/ISA ALI A/OOP/vanguardasset/vanguard-asset-web/vendor/laravel/framework/src/Illuminate/Database/Console/Migrations/MigrateCommand.php(165): Illuminate/Database/Migrations/Migrator->repositoryExists()
#18 D:/KULIAH/ISA ALI A/OOP/vanguardasset/vanguard-asset-web/vendor/laravel/framework/src/Illuminate/Support/helpers.php(338): Illuminate/Database/Console/Migrations/MigrateCommand->{closure:Illuminate/Database/Console/Migrations/MigrateCommand::repositoryExists():165}()
#19 D:/KULIAH/ISA ALI A/OOP/vanguardasset/vanguard-asset-web/vendor/laravel/framework/src/Illuminate/Database/Console/Migrations/MigrateCommand.php(165): retry()
#20 D:/KULIAH/ISA ALI A/OOP/vanguardasset/vanguard-asset-web/vendor/laravel/framework/src/Illuminate/Database/Console/Migrations/MigrateCommand.php(141): Illuminate/Database/Console/Migrations/MigrateCommand->repositoryExists()
#21 D:/KULIAH/ISA ALI A/OOP/vanguardasset/vanguard-asset-web/vendor/laravel/framework/src/Illuminate/Database/Console/Migrations/MigrateCommand.php(111): Illuminate/Database/Console/Migrations/MigrateCommand->prepareDatabase()
#22 D:/KULIAH/ISA ALI A/OOP/vanguardasset/vanguard-asset-web/vendor/laravel/framework/src/Illuminate/Database/Migrations/Migrator.php(658): Illuminate/Database/Console/Migrations/MigrateCommand->{closure:Illuminate/Database/Console/Migrations/MigrateCommand::runMigrations():110}()
#23 D:/KULIAH/ISA ALI A/OOP/vanguardasset/vanguard-asset-web/vendor/laravel/framework/src/Illuminate/Database/Console/Migrations/MigrateCommand.php(110): Illuminate/Database/Migrations/Migrator->usingConnection()
#24 D:/KULIAH/ISA ALI A/OOP/vanguardasset/vanguard-asset-web/vendor/laravel/framework/src/Illuminate/Database/Console/Migrations/MigrateCommand.php(89): Illuminate/Database/Console/Migrations/MigrateCommand->runMigrations()
#25 D:/KULIAH/ISA ALI A/OOP/vanguardasset/vanguard-asset-web/vendor/laravel/framework/src/Illuminate/Container/BoundMethod.php(36): Illuminate/Database/Console/Migrations/MigrateCommand->handle()
#26 D:/KULIAH/ISA ALI A/OOP/vanguardasset/vanguard-asset-web/vendor/laravel/framework/src/Illuminate/Container/Util.php(43): Illuminate/Container/BoundMethod::{closure:Illuminate/Container/BoundMethod::call():35}()
#27 D:/KULIAH/ISA ALI A/OOP/vanguardasset/vanguard-asset-web/vendor/laravel/framework/src/Illuminate/Container/BoundMethod.php(95): Illuminate/Container/Util::unwrapIfClosure()
#28 D:/KULIAH/ISA ALI A/OOP/vanguardasset/vanguard-asset-web/vendor/laravel/framework/src/Illuminate/Container/BoundMethod.php(35): Illuminate/Container/BoundMethod::callBoundMethod()
#29 D:/KULIAH/ISA ALI A/OOP/vanguardasset/vanguard-asset-web/vendor/laravel/framework/src/Illuminate/Container/Container.php(696): Illuminate/Container/BoundMethod::call()
#30 D:/KULIAH/ISA ALI A/OOP/vanguardasset/vanguard-asset-web/vendor/laravel/framework/src/Illuminate/Console/Command.php(213): Illuminate/Container/Container->call()
#31 D:/KULIAH/ISA ALI A/OOP/vanguardasset/vanguard-asset-web/vendor/symfony/console/Command/Command.php(341): Illuminate/Console/Command->execute()
#32 D:/KULIAH/ISA ALI A/OOP/vanguardasset/vanguard-asset-web/vendor/laravel/framework/src/Illuminate/Console/Command.php(182): Symfony/Component/Console/Command/Command->run()
#33 D:/KULIAH/ISA ALI A/OOP/vanguardasset/vanguard-asset-web/vendor/symfony/console/Application.php(1117): Illuminate/Console/Command->run()
#34 D:/KULIAH/ISA ALI A/OOP/vanguardasset/vanguard-asset-web/vendor/symfony/console/Application.php(356): Symfony/Component/Console/Application->doRunCommand()
#35 D:/KULIAH/ISA ALI A/OOP/vanguardasset/vanguard-asset-web/vendor/symfony/console/Application.php(195): Symfony/Component/Console/Application->doRun()
#36 D:/KULIAH/ISA ALI A/OOP/vanguardasset/vanguard-asset-web/vendor/laravel/framework/src/Illuminate/Foundation/Console/Kernel.php(198): Symfony/Component/Console/Application->run()
#37 D:/KULIAH/ISA ALI A/OOP/vanguardasset/vanguard-asset-web/artisan(16): Illuminate/Foundation/Console/Kernel->handle()
#38 {main}
"} 
[2026-06-13 09:01:12] local.ERROR: could not find driver (Connection: mysql, SQL: select exists (select 1 from information_schema.tables where table_schema = 'vanguard_asset' and table_name = 'migrations' and table_type in ('BASE TABLE', 'SYSTEM VERSIONED')) as `exists`) {"exception":"[object] (Illuminate\\Database\\QueryException(code: 0): could not find driver (Connection: mysql, SQL: select exists (select 1 from information_schema.tables where table_schema = 'vanguard_asset' and table_name = 'migrations' and table_type in ('BASE TABLE', 'SYSTEM VERSIONED')) as `exists`) at D:/KULIAH/ISA ALI A/OOP/vanguardasset/vanguard-asset-web/vendor/laravel/framework/src/Illuminate/Database/Connection.php:825)
[stacktrace]
#0 D:/KULIAH/ISA ALI A/OOP/vanguardasset/vanguard-asset-web/vendor/laravel/framework/src/Illuminate/Database/Connection.php(779): Illuminate/Database/Connection->runQueryCallback()
#1 D:/KULIAH/ISA ALI A/OOP/vanguardasset/vanguard-asset-web/vendor/laravel/framework/src/Illuminate/Database/Connection.php(398): Illuminate/Database/Connection->run()
#2 D:/KULIAH/ISA ALI A/OOP/vanguardasset/vanguard-asset-web/vendor/laravel/framework/src/Illuminate/Database/Connection.php(344): Illuminate/Database/Connection->select()
#3 D:/KULIAH/ISA ALI A/OOP/vanguardasset/vanguard-asset-web/vendor/laravel/framework/src/Illuminate/Database/Connection.php(361): Illuminate/Database/Connection->selectOne()
#4 D:/KULIAH/ISA ALI A/OOP/vanguardasset/vanguard-asset-web/vendor/laravel/framework/src/Illuminate/Database/Schema/MySqlBuilder.php(45): Illuminate/Database/Connection->scalar()
#5 D:/KULIAH/ISA ALI A/OOP/vanguardasset/vanguard-asset-web/vendor/laravel/framework/src/Illuminate/Database/Migrations/DatabaseMigrationRepository.php(184): Illuminate/Database/Schema/MySqlBuilder->hasTable()
#6 D:/KULIAH/ISA ALI A/OOP/vanguardasset/vanguard-asset-web/vendor/laravel/framework/src/Illuminate/Database/Migrations/Migrator.php(742): Illuminate/Database/Migrations/DatabaseMigrationRepository->repositoryExists()
#7 D:/KULIAH/ISA ALI A/OOP/vanguardasset/vanguard-asset-web/vendor/laravel/framework/src/Illuminate/Database/Console/Migrations/StatusCommand.php(56): Illuminate/Database/Migrations/Migrator->repositoryExists()
#8 D:/KULIAH/ISA ALI A/OOP/vanguardasset/vanguard-asset-web/vendor/laravel/framework/src/Illuminate/Database/Migrations/Migrator.php(658): Illuminate/Database/Console/Migrations/StatusCommand->{closure:Illuminate/Database/Console/Migrations/StatusCommand::handle():55}()
#9 D:/KULIAH/ISA ALI A/OOP/vanguardasset/vanguard-asset-web/vendor/laravel/framework/src/Illuminate/Database/Console/Migrations/StatusCommand.php(55): Illuminate/Database/Migrations/Migrator->usingConnection()
#10 D:/KULIAH/ISA ALI A/OOP/vanguardasset/vanguard-asset-web/vendor/laravel/framework/src/Illuminate/Container/BoundMethod.php(36): Illuminate/Database/Console/Migrations/StatusCommand->handle()
#11 D:/KULIAH/ISA ALI A/OOP/vanguardasset/vanguard-asset-web/vendor/laravel/framework/src/Illuminate/Container/Util.php(43): Illuminate/Container/BoundMethod::{closure:Illuminate/Container/BoundMethod::call():35}()
#12 D:/KULIAH/ISA ALI A/OOP/vanguardasset/vanguard-asset-web/vendor/laravel/framework/src/Illuminate/Container/BoundMethod.php(95): Illuminate/Container/Util::unwrapIfClosure()
#13 D:/KULIAH/ISA ALI A/OOP/vanguardasset/vanguard-asset-web/vendor/laravel/framework/src/Illuminate/Container/BoundMethod.php(35): Illuminate/Container/BoundMethod::callBoundMethod()
#14 D:/KULIAH/ISA ALI A/OOP/vanguardasset/vanguard-asset-web/vendor/laravel/framework/src/Illuminate/Container/Container.php(696): Illuminate/Container/BoundMethod::call()
#15 D:/KULIAH/ISA ALI A/OOP/vanguardasset/vanguard-asset-web/vendor/laravel/framework/src/Illuminate/Console/Command.php(213): Illuminate/Container/Container->call()
#16 D:/KULIAH/ISA ALI A/OOP/vanguardasset/vanguard-asset-web/vendor/symfony/console/Command/Command.php(341): Illuminate/Console/Command->execute()
#17 D:/KULIAH/ISA ALI A/OOP/vanguardasset/vanguard-asset-web/vendor/laravel/framework/src/Illuminate/Console/Command.php(182): Symfony/Component/Console/Command/Command->run()
#18 D:/KULIAH/ISA ALI A/OOP/vanguardasset/vanguard-asset-web/vendor/symfony/console/Application.php(1117): Illuminate/Console/Command->run()
#19 D:/KULIAH/ISA ALI A/OOP/vanguardasset/vanguard-asset-web/vendor/symfony/console/Application.php(356): Symfony/Component/Console/Application->doRunCommand()
#20 D:/KULIAH/ISA ALI A/OOP/vanguardasset/vanguard-asset-web/vendor/symfony/console/Application.php(195): Symfony/Component/Console/Application->doRun()
#21 D:/KULIAH/ISA ALI A/OOP/vanguardasset/vanguard-asset-web/vendor/laravel/framework/src/Illuminate/Foundation/Console/Kernel.php(198): Symfony/Component/Console/Application->run()
#22 D:/KULIAH/ISA ALI A/OOP/vanguardasset/vanguard-asset-web/artisan(16): Illuminate/Foundation/Console/Kernel->handle()
#23 {main}

[previous exception] [object] (PDOException(code: 0): could not find driver at D:/KULIAH/ISA ALI A/OOP/vanguardasset/vanguard-asset-web/vendor/laravel/framework/src/Illuminate/Database/Connectors/Connector.php:67)
[stacktrace]
#0 D:/KULIAH/ISA ALI A/OOP/vanguardasset/vanguard-asset-web/vendor/laravel/framework/src/Illuminate/Database/Connectors/Connector.php(67): PDO::connect()
#1 D:/KULIAH/ISA ALI A/OOP/vanguardasset/vanguard-asset-web/vendor/laravel/framework/src/Illuminate/Database/Connectors/Connector.php(44): Illuminate/Database/Connectors/Connector->createPdoConnection()
#2 D:/KULIAH/ISA ALI A/OOP/vanguardasset/vanguard-asset-web/vendor/laravel/framework/src/Illuminate/Database/Connectors/MySqlConnector.php(24): Illuminate/Database/Connectors/Connector->createConnection()
#3 D:/KULIAH/ISA ALI A/OOP/vanguardasset/vanguard-asset-web/vendor/laravel/framework/src/Illuminate/Database/Connectors/ConnectionFactory.php(185): Illuminate/Database/Connectors/MySqlConnector->connect()
#4 [internal function]: Illuminate/Database/Connectors/ConnectionFactory->{closure:Illuminate/Database/Connectors/ConnectionFactory::createPdoResolverWithHosts():180}()
#5 D:/KULIAH/ISA ALI A/OOP/vanguardasset/vanguard-asset-web/vendor/laravel/framework/src/Illuminate/Database/Connection.php(1231): call_user_func()
#6 D:/KULIAH/ISA ALI A/OOP/vanguardasset/vanguard-asset-web/vendor/laravel/framework/src/Illuminate/Database/Connection.php(1267): Illuminate/Database/Connection->getPdo()
#7 D:/KULIAH/ISA ALI A/OOP/vanguardasset/vanguard-asset-web/vendor/laravel/framework/src/Illuminate/Database/Connection.php(512): Illuminate/Database/Connection->getReadPdo()
#8 D:/KULIAH/ISA ALI A/OOP/vanguardasset/vanguard-asset-web/vendor/laravel/framework/src/Illuminate/Database/Connection.php(407): Illuminate/Database/Connection->getPdoForSelect()
#9 D:/KULIAH/ISA ALI A/OOP/vanguardasset/vanguard-asset-web/vendor/laravel/framework/src/Illuminate/Database/Connection.php(812): Illuminate/Database/Connection->{closure:Illuminate/Database/Connection::select():398}()
#10 D:/KULIAH/ISA ALI A/OOP/vanguardasset/vanguard-asset-web/vendor/laravel/framework/src/Illuminate/Database/Connection.php(779): Illuminate/Database/Connection->runQueryCallback()
#11 D:/KULIAH/ISA ALI A/OOP/vanguardasset/vanguard-asset-web/vendor/laravel/framework/src/Illuminate/Database/Connection.php(398): Illuminate/Database/Connection->run()
#12 D:/KULIAH/ISA ALI A/OOP/vanguardasset/vanguard-asset-web/vendor/laravel/framework/src/Illuminate/Database/Connection.php(344): Illuminate/Database/Connection->select()
#13 D:/KULIAH/ISA ALI A/OOP/vanguardasset/vanguard-asset-web/vendor/laravel/framework/src/Illuminate/Database/Connection.php(361): Illuminate/Database/Connection->selectOne()
#14 D:/KULIAH/ISA ALI A/OOP/vanguardasset/vanguard-asset-web/vendor/laravel/framework/src/Illuminate/Database/Schema/MySqlBuilder.php(45): Illuminate/Database/Connection->scalar()
#15 D:/KULIAH/ISA ALI A/OOP/vanguardasset/vanguard-asset-web/vendor/laravel/framework/src/Illuminate/Database/Migrations/DatabaseMigrationRepository.php(184): Illuminate/Database/Schema/MySqlBuilder->hasTable()
#16 D:/KULIAH/ISA ALI A/OOP/vanguardasset/vanguard-asset-web/vendor/laravel/framework/src/Illuminate/Database/Migrations/Migrator.php(742): Illuminate/Database/Migrations/DatabaseMigrationRepository->repositoryExists()
#17 D:/KULIAH/ISA ALI A/OOP/vanguardasset/vanguard-asset-web/vendor/laravel/framework/src/Illuminate/Database/Console/Migrations/StatusCommand.php(56): Illuminate/Database/Migrations/Migrator->repositoryExists()
#18 D:/KULIAH/ISA ALI A/OOP/vanguardasset/vanguard-asset-web/vendor/laravel/framework/src/Illuminate/Database/Migrations/Migrator.php(658): Illuminate/Database/Console/Migrations/StatusCommand->{closure:Illuminate/Database/Console/Migrations/StatusCommand::handle():55}()
#19 D:/KULIAH/ISA ALI A/OOP/vanguardasset/vanguard-asset-web/vendor/laravel/framework/src/Illuminate/Database/Console/Migrations/StatusCommand.php(55): Illuminate/Database/Migrations/Migrator->usingConnection()
#20 D:/KULIAH/ISA ALI A/OOP/vanguardasset/vanguard-asset-web/vendor/laravel/framework/src/Illuminate/Container/BoundMethod.php(36): Illuminate/Database/Console/Migrations/StatusCommand->handle()
#21 D:/KULIAH/ISA ALI A/OOP/vanguardasset/vanguard-asset-web/vendor/laravel/framework/src/Illuminate/Container/Util.php(43): Illuminate/Container/BoundMethod::{closure:Illuminate/Container/BoundMethod::call():35}()
#22 D:/KULIAH/ISA ALI A/OOP/vanguardasset/vanguard-asset-web/vendor/laravel/framework/src/Illuminate/Container/BoundMethod.php(95): Illuminate/Container/Util::unwrapIfClosure()
#23 D:/KULIAH/ISA ALI A/OOP/vanguardasset/vanguard-asset-web/vendor/laravel/framework/src/Illuminate/Container/BoundMethod.php(35): Illuminate/Container/BoundMethod::callBoundMethod()
#24 D:/KULIAH/ISA ALI A/OOP/vanguardasset/vanguard-asset-web/vendor/laravel/framework/src/Illuminate/Container/Container.php(696): Illuminate/Container/BoundMethod::call()
#25 D:/KULIAH/ISA ALI A/OOP/vanguardasset/vanguard-asset-web/vendor/laravel/framework/src/Illuminate/Console/Command.php(213): Illuminate/Container/Container->call()
#26 D:/KULIAH/ISA ALI A/OOP/vanguardasset/vanguard-asset-web/vendor/symfony/console/Command/Command.php(341): Illuminate/Console/Command->execute()
#27 D:/KULIAH/ISA ALI A/OOP/vanguardasset/vanguard-asset-web/vendor/laravel/framework/src/Illuminate/Console/Command.php(182): Symfony/Component/Console/Command/Command->run()
#28 D:/KULIAH/ISA ALI A/OOP/vanguardasset/vanguard-asset-web/vendor/symfony/console/Application.php(1117): Illuminate/Console/Command->run()
#29 D:/KULIAH/ISA ALI A/OOP/vanguardasset/vanguard-asset-web/vendor/symfony/console/Application.php(356): Symfony/Component/Console/Application->doRunCommand()
#30 D:/KULIAH/ISA ALI A/OOP/vanguardasset/vanguard-asset-web/vendor/symfony/console/Application.php(195): Symfony/Component/Console/Application->doRun()
#31 D:/KULIAH/ISA ALI A/OOP/vanguardasset/vanguard-asset-web/vendor/laravel/framework/src/Illuminate/Foundation/Console/Kernel.php(198): Symfony/Component/Console/Application->run()
#32 D:/KULIAH/ISA ALI A/OOP/vanguardasset/vanguard-asset-web/artisan(16): Illuminate/Foundation/Console/Kernel->handle()
#33 {main}
"} 
[2026-06-13 09:03:11] local.ERROR: Call to undefined method App\Http\Controllers\AssetController::dashboard() {"userId":1,"exception":"[object] (Error(code: 0): Call to undefined method App\\Http\\Controllers\\AssetController::dashboard() at D:/KULIAH/ISA ALI A/OOP/vanguardasset/vanguard-asset-web/vendor/laravel/framework/src/Illuminate/Routing/ControllerDispatcher.php:47)
[stacktrace]
#0 D:/KULIAH/ISA ALI A/OOP/vanguardasset/vanguard-asset-web/vendor/laravel/framework/src/Illuminate/Routing/Route.php(266): Illuminate/Routing/ControllerDispatcher->dispatch()
#1 D:/KULIAH/ISA ALI A/OOP/vanguardasset/vanguard-asset-web/vendor/laravel/framework/src/Illuminate/Routing/Route.php(212): Illuminate/Routing/Route->runController()
#2 D:/KULIAH/ISA ALI A/OOP/vanguardasset/vanguard-asset-web/vendor/laravel/framework/src/Illuminate/Routing/Router.php(808): Illuminate/Routing/Route->run()
#3 D:/KULIAH/ISA ALI A/OOP/vanguardasset/vanguard-asset-web/vendor/laravel/framework/src/Illuminate/Pipeline/Pipeline.php(170): Illuminate/Routing/Router->{closure:Illuminate/Routing/Router::runRouteWithinStack():807}()
#4 D:/KULIAH/ISA ALI A/OOP/vanguardasset/vanguard-asset-web/app/Http/Middleware/SecurityHeadersMiddleware.php(18): Illuminate/Pipeline/Pipeline->{closure:Illuminate/Pipeline/Pipeline::prepareDestination():168}()
#5 D:/KULIAH/ISA ALI A/OOP/vanguardasset/vanguard-asset-web/vendor/laravel/framework/src/Illuminate/Pipeline/Pipeline.php(209): App/Http/Middleware/SecurityHeadersMiddleware->handle()
#6 D:/KULIAH/ISA ALI A/OOP/vanguardasset/vanguard-asset-web/vendor/laravel/framework/src/Illuminate/Routing/Middleware/SubstituteBindings.php(51): Illuminate/Pipeline/Pipeline->{closure:{closure:Illuminate/Pipeline/Pipeline::carry():184}:185}()
#7 D:/KULIAH/ISA ALI A/OOP/vanguardasset/vanguard-asset-web/vendor/laravel/framework/src/Illuminate/Pipeline/Pipeline.php(209): Illuminate/Routing/Middleware/SubstituteBindings->handle()
#8 D:/KULIAH/ISA ALI A/OOP/vanguardasset/vanguard-asset-web/vendor/laravel/framework/src/Illuminate/Auth/Middleware/Authenticate.php(64): Illuminate/Pipeline/Pipeline->{closure:{closure:Illuminate/Pipeline/Pipeline::carry():184}:185}()
#9 D:/KULIAH/ISA ALI A/OOP/vanguardasset/vanguard-asset-web/vendor/laravel/framework/src/Illuminate/Pipeline/Pipeline.php(209): Illuminate/Auth/Middleware/Authenticate->handle()
#10 D:/KULIAH/ISA ALI A/OOP/vanguardasset/vanguard-asset-web/vendor/laravel/framework/src/Illuminate/Foundation/Http/Middleware/VerifyCsrfToken.php(88): Illuminate/Pipeline/Pipeline->{closure:{closure:Illuminate/Pipeline/Pipeline::carry():184}:185}()
#11 D:/KULIAH/ISA ALI A/OOP/vanguardasset/vanguard-asset-web/vendor/laravel/framework/src/Illuminate/Pipeline/Pipeline.php(209): Illuminate/Foundation/Http/Middleware/VerifyCsrfToken->handle()
#12 D:/KULIAH/ISA ALI A/OOP/vanguardasset/vanguard-asset-web/vendor/laravel/framework/src/Illuminate/View/Middleware/ShareErrorsFromSession.php(49): Illuminate/Pipeline/Pipeline->{closure:{closure:Illuminate/Pipeline/Pipeline::carry():184}:185}()
#13 D:/KULIAH/ISA ALI A/OOP/vanguardasset/vanguard-asset-web/vendor/laravel/framework/src/Illuminate/Pipeline/Pipeline.php(209): Illuminate/View/Middleware/ShareErrorsFromSession->handle()
#14 D:/KULIAH/ISA ALI A/OOP/vanguardasset/vanguard-asset-web/vendor/laravel/framework/src/Illuminate/Session/Middleware/StartSession.php(121): Illuminate/Pipeline/Pipeline->{closure:{closure:Illuminate/Pipeline/Pipeline::carry():184}:185}()
#15 D:/KULIAH/ISA ALI A/OOP/vanguardasset/vanguard-asset-web/vendor/laravel/framework/src/Illuminate/Session/Middleware/StartSession.php(64): Illuminate/Session/Middleware/StartSession->handleStatefulRequest()
#16 D:/KULIAH/ISA ALI A/OOP/vanguardasset/vanguard-asset-web/vendor/laravel/framework/src/Illuminate/Pipeline/Pipeline.php(209): Illuminate/Session/Middleware/StartSession->handle()
#17 D:/KULIAH/ISA ALI A/OOP/vanguardasset/vanguard-asset-web/vendor/laravel/framework/src/Illuminate/Cookie/Middleware/AddQueuedCookiesToResponse.php(37): Illuminate/Pipeline/Pipeline->{closure:{closure:Illuminate/Pipeline/Pipeline::carry():184}:185}()
#18 D:/KULIAH/ISA ALI A/OOP/vanguardasset/vanguard-asset-web/vendor/laravel/framework/src/Illuminate/Pipeline/Pipeline.php(209): Illuminate/Cookie/Middleware/AddQueuedCookiesToResponse->handle()
#19 D:/KULIAH/ISA ALI A/OOP/vanguardasset/vanguard-asset-web/vendor/laravel/framework/src/Illuminate/Cookie/Middleware/EncryptCookies.php(75): Illuminate/Pipeline/Pipeline->{closure:{closure:Illuminate/Pipeline/Pipeline::carry():184}:185}()
#20 D:/KULIAH/ISA ALI A/OOP/vanguardasset/vanguard-asset-web/vendor/laravel/framework/src/Illuminate/Pipeline/Pipeline.php(209): Illuminate/Cookie/Middleware/EncryptCookies->handle()
#21 D:/KULIAH/ISA ALI A/OOP/vanguardasset/vanguard-asset-web/vendor/laravel/framework/src/Illuminate/Pipeline/Pipeline.php(127): Illuminate/Pipeline/Pipeline->{closure:{closure:Illuminate/Pipeline/Pipeline::carry():184}:185}()
#22 D:/KULIAH/ISA ALI A/OOP/vanguardasset/vanguard-asset-web/vendor/laravel/framework/src/Illuminate/Routing/Router.php(807): Illuminate/Pipeline/Pipeline->then()
#23 D:/KULIAH/ISA ALI A/OOP/vanguardasset/vanguard-asset-web/vendor/laravel/framework/src/Illuminate/Routing/Router.php(786): Illuminate/Routing/Router->runRouteWithinStack()
#24 D:/KULIAH/ISA ALI A/OOP/vanguardasset/vanguard-asset-web/vendor/laravel/framework/src/Illuminate/Routing/Router.php(750): Illuminate/Routing/Router->runRoute()
#25 D:/KULIAH/ISA ALI A/OOP/vanguardasset/vanguard-asset-web/vendor/laravel/framework/src/Illuminate/Routing/Router.php(739): Illuminate/Routing/Router->dispatchToRoute()
#26 D:/KULIAH/ISA ALI A/OOP/vanguardasset/vanguard-asset-web/vendor/laravel/framework/src/Illuminate/Foundation/Http/Kernel.php(201): Illuminate/Routing/Router->dispatch()
#27 D:/KULIAH/ISA ALI A/OOP/vanguardasset/vanguard-asset-web/vendor/laravel/framework/src/Illuminate/Pipeline/Pipeline.php(170): Illuminate/Foundation/Http/Kernel->{closure:Illuminate/Foundation/Http/Kernel::dispatchToRouter():198}()
#28 D:/KULIAH/ISA ALI A/OOP/vanguardasset/vanguard-asset-web/vendor/laravel/framework/src/Illuminate/Foundation/Http/Middleware/TransformsRequest.php(21): Illuminate/Pipeline/Pipeline->{closure:Illuminate/Pipeline/Pipeline::prepareDestination():168}()
#29 D:/KULIAH/ISA ALI A/OOP/vanguardasset/vanguard-asset-web/vendor/laravel/framework/src/Illuminate/Foundation/Http/Middleware/ConvertEmptyStringsToNull.php(31): Illuminate/Foundation/Http/Middleware/TransformsRequest->handle()
#30 D:/KULIAH/ISA ALI A/OOP/vanguardasset/vanguard-asset-web/vendor/laravel/framework/src/Illuminate/Pipeline/Pipeline.php(209): Illuminate/Foundation/Http/Middleware/ConvertEmptyStringsToNull->handle()
#31 D:/KULIAH/ISA ALI A/OOP/vanguardasset/vanguard-asset-web/vendor/laravel/framework/src/Illuminate/Foundation/Http/Middleware/TransformsRequest.php(21): Illuminate/Pipeline/Pipeline->{closure:{closure:Illuminate/Pipeline/Pipeline::carry():184}:185}()
#32 D:/KULIAH/ISA ALI A/OOP/vanguardasset/vanguard-asset-web/vendor/laravel/framework/src/Illuminate/Foundation/Http/Middleware/TrimStrings.php(51): Illuminate/Foundation/Http/Middleware/TransformsRequest->handle()
#33 D:/KULIAH/ISA ALI A/OOP/vanguardasset/vanguard-asset-web/vendor/laravel/framework/src/Illuminate/Pipeline/Pipeline.php(209): Illuminate/Foundation/Http/Middleware/TrimStrings->handle()
#34 D:/KULIAH/ISA ALI A/OOP/vanguardasset/vanguard-asset-web/vendor/laravel/framework/src/Illuminate/Http/Middleware/ValidatePostSize.php(27): Illuminate/Pipeline/Pipeline->{closure:{closure:Illuminate/Pipeline/Pipeline::carry():184}:185}()
#35 D:/KULIAH/ISA ALI A/OOP/vanguardasset/vanguard-asset-web/vendor/laravel/framework/src/Illuminate/Pipeline/Pipeline.php(209): Illuminate/Http/Middleware/ValidatePostSize->handle()
#36 D:/KULIAH/ISA ALI A/OOP/vanguardasset/vanguard-asset-web/vendor/laravel/framework/src/Illuminate/Foundation/Http/Middleware/PreventRequestsDuringMaintenance.php(110): Illuminate/Pipeline/Pipeline->{closure:{closure:Illuminate/Pipeline/Pipeline::carry():184}:185}()
#37 D:/KULIAH/ISA ALI A/OOP/vanguardasset/vanguard-asset-web/vendor/laravel/framework/src/Illuminate/Pipeline/Pipeline.php(209): Illuminate/Foundation/Http/Middleware/PreventRequestsDuringMaintenance->handle()
#38 D:/KULIAH/ISA ALI A/OOP/vanguardasset/vanguard-asset-web/vendor/laravel/framework/src/Illuminate/Http/Middleware/HandleCors.php(49): Illuminate/Pipeline/Pipeline->{closure:{closure:Illuminate/Pipeline/Pipeline::carry():184}:185}()
#39 D:/KULIAH/ISA ALI A/OOP/vanguardasset/vanguard-asset-web/vendor/laravel/framework/src/Illuminate/Pipeline/Pipeline.php(209): Illuminate/Http/Middleware/HandleCors->handle()
#40 D:/KULIAH/ISA ALI A/OOP/vanguardasset/vanguard-asset-web/vendor/laravel/framework/src/Illuminate/Http/Middleware/TrustProxies.php(58): Illuminate/Pipeline/Pipeline->{closure:{closure:Illuminate/Pipeline/Pipeline::carry():184}:185}()
#41 D:/KULIAH/ISA ALI A/OOP/vanguardasset/vanguard-asset-web/vendor/laravel/framework/src/Illuminate/Pipeline/Pipeline.php(209): Illuminate/Http/Middleware/TrustProxies->handle()
#42 D:/KULIAH/ISA ALI A/OOP/vanguardasset/vanguard-asset-web/vendor/laravel/framework/src/Illuminate/Foundation/Http/Middleware/InvokeDeferredCallbacks.php(22): Illuminate/Pipeline/Pipeline->{closure:{closure:Illuminate/Pipeline/Pipeline::carry():184}:185}()
#43 D:/KULIAH/ISA ALI A/OOP/vanguardasset/vanguard-asset-web/vendor/laravel/framework/src/Illuminate/Pipeline/Pipeline.php(209): Illuminate/Foundation/Http/Middleware/InvokeDeferredCallbacks->handle()
#44 D:/KULIAH/ISA ALI A/OOP/vanguardasset/vanguard-asset-web/vendor/laravel/framework/src/Illuminate/Pipeline/Pipeline.php(127): Illuminate/Pipeline/Pipeline->{closure:{closure:Illuminate/Pipeline/Pipeline::carry():184}:185}()
#45 D:/KULIAH/ISA ALI A/OOP/vanguardasset/vanguard-asset-web/vendor/laravel/framework/src/Illuminate/Foundation/Http/Kernel.php(176): Illuminate/Pipeline/Pipeline->then()
#46 D:/KULIAH/ISA ALI A/OOP/vanguardasset/vanguard-asset-web/vendor/laravel/framework/src/Illuminate/Foundation/Http/Kernel.php(145): Illuminate/Foundation/Http/Kernel->sendRequestThroughRouter()
#47 D:/KULIAH/ISA ALI A/OOP/vanguardasset/vanguard-asset-web/public/index.php(36): Illuminate/Foundation/Http/Kernel->handle()
#48 D:/KULIAH/ISA ALI A/OOP/vanguardasset/vanguard-asset-web/vendor/laravel/framework/src/Illuminate/Foundation/resources/server.php(23): require_once('...')
#49 {main}
"} 
[2026-06-13 09:05:44] local.ERROR: Route [users.update-role] not defined. (View: D:\KULIAH\ISA ALI A\OOP\vanguardasset\vanguard-asset-web\resources\views\users\index.blade.php) {"userId":1,"exception":"[object] (Illuminate\\View\\ViewException(code: 0): Route [users.update-role] not defined. (View: D:\\KULIAH\\ISA ALI A\\OOP\\vanguardasset\\vanguard-asset-web\\resources\\views\\users\\index.blade.php) at D:/KULIAH/ISA ALI A/OOP/vanguardasset/vanguard-asset-web/vendor/laravel/framework/src/Illuminate/Routing/UrlGenerator.php:517)
[stacktrace]
#0 D:/KULIAH/ISA ALI A/OOP/vanguardasset/vanguard-asset-web/vendor/laravel/framework/src/Illuminate/View/Engines/PhpEngine.php(60): Illuminate/View/Engines/CompilerEngine->handleViewException()
#1 D:/KULIAH/ISA ALI A/OOP/vanguardasset/vanguard-asset-web/vendor/laravel/framework/src/Illuminate/View/Engines/CompilerEngine.php(75): Illuminate/View/Engines/PhpEngine->evaluatePath()
#2 D:/KULIAH/ISA ALI A/OOP/vanguardasset/vanguard-asset-web/vendor/laravel/framework/src/Illuminate/View/View.php(209): Illuminate/View/Engines/CompilerEngine->get()
#3 D:/KULIAH/ISA ALI A/OOP/vanguardasset/vanguard-asset-web/vendor/laravel/framework/src/Illuminate/View/View.php(192): Illuminate/View/View->getContents()
#4 D:/KULIAH/ISA ALI A/OOP/vanguardasset/vanguard-asset-web/vendor/laravel/framework/src/Illuminate/View/View.php(161): Illuminate/View/View->renderContents()
#5 D:/KULIAH/ISA ALI A/OOP/vanguardasset/vanguard-asset-web/vendor/laravel/framework/src/Illuminate/Http/Response.php(79): Illuminate/View/View->render()
#6 D:/KULIAH/ISA ALI A/OOP/vanguardasset/vanguard-asset-web/vendor/laravel/framework/src/Illuminate/Http/Response.php(35): Illuminate/Http/Response->setContent()
#7 D:/KULIAH/ISA ALI A/OOP/vanguardasset/vanguard-asset-web/vendor/laravel/framework/src/Illuminate/Routing/Router.php(920): Illuminate/Http/Response->__construct()
#8 D:/KULIAH/ISA ALI A/OOP/vanguardasset/vanguard-asset-web/vendor/laravel/framework/src/Illuminate/Routing/Router.php(887): Illuminate/Routing/Router::toResponse()
#9 D:/KULIAH/ISA ALI A/OOP/vanguardasset/vanguard-asset-web/vendor/laravel/framework/src/Illuminate/Routing/Router.php(807): Illuminate/Routing/Router->prepareResponse()
#10 D:/KULIAH/ISA ALI A/OOP/vanguardasset/vanguard-asset-web/vendor/laravel/framework/src/Illuminate/Pipeline/Pipeline.php(170): Illuminate/Routing/Router->{closure:Illuminate/Routing/Router::runRouteWithinStack():807}()
#11 D:/KULIAH/ISA ALI A/OOP/vanguardasset/vanguard-asset-web/app/Http/Middleware/RoleMiddleware.php(25): Illuminate/Pipeline/Pipeline->{closure:Illuminate/Pipeline/Pipeline::prepareDestination():168}()
#12 D:/KULIAH/ISA ALI A/OOP/vanguardasset/vanguard-asset-web/vendor/laravel/framework/src/Illuminate/Pipeline/Pipeline.php(209): App/Http/Middleware/RoleMiddleware->handle()
#13 D:/KULIAH/ISA ALI A/OOP/vanguardasset/vanguard-asset-web/app/Http/Middleware/SecurityHeadersMiddleware.php(18): Illuminate/Pipeline/Pipeline->{closure:{closure:Illuminate/Pipeline/Pipeline::carry():184}:185}()
#14 D:/KULIAH/ISA ALI A/OOP/vanguardasset/vanguard-asset-web/vendor/laravel/framework/src/Illuminate/Pipeline/Pipeline.php(209): App/Http/Middleware/SecurityHeadersMiddleware->handle()
#15 D:/KULIAH/ISA ALI A/OOP/vanguardasset/vanguard-asset-web/vendor/laravel/framework/src/Illuminate/Routing/Middleware/SubstituteBindings.php(51): Illuminate/Pipeline/Pipeline->{closure:{closure:Illuminate/Pipeline/Pipeline::carry():184}:185}()
#16 D:/KULIAH/ISA ALI A/OOP/vanguardasset/vanguard-asset-web/vendor/laravel/framework/src/Illuminate/Pipeline/Pipeline.php(209): Illuminate/Routing/Middleware/SubstituteBindings->handle()
#17 D:/KULIAH/ISA ALI A/OOP/vanguardasset/vanguard-asset-web/vendor/laravel/framework/src/Illuminate/Auth/Middleware/Authenticate.php(64): Illuminate/Pipeline/Pipeline->{closure:{closure:Illuminate/Pipeline/Pipeline::carry():184}:185}()
#18 D:/KULIAH/ISA ALI A/OOP/vanguardasset/vanguard-asset-web/vendor/laravel/framework/src/Illuminate/Pipeline/Pipeline.php(209): Illuminate/Auth/Middleware/Authenticate->handle()
#19 D:/KULIAH/ISA ALI A/OOP/vanguardasset/vanguard-asset-web/vendor/laravel/framework/src/Illuminate/Foundation/Http/Middleware/VerifyCsrfToken.php(88): Illuminate/Pipeline/Pipeline->{closure:{closure:Illuminate/Pipeline/Pipeline::carry():184}:185}()
#20 D:/KULIAH/ISA ALI A/OOP/vanguardasset/vanguard-asset-web/vendor/laravel/framework/src/Illuminate/Pipeline/Pipeline.php(209): Illuminate/Foundation/Http/Middleware/VerifyCsrfToken->handle()
#21 D:/KULIAH/ISA ALI A/OOP/vanguardasset/vanguard-asset-web/vendor/laravel/framework/src/Illuminate/View/Middleware/ShareErrorsFromSession.php(49): Illuminate/Pipeline/Pipeline->{closure:{closure:Illuminate/Pipeline/Pipeline::carry():184}:185}()
#22 D:/KULIAH/ISA ALI A/OOP/vanguardasset/vanguard-asset-web/vendor/laravel/framework/src/Illuminate/Pipeline/Pipeline.php(209): Illuminate/View/Middleware/ShareErrorsFromSession->handle()
#23 D:/KULIAH/ISA ALI A/OOP/vanguardasset/vanguard-asset-web/vendor/laravel/framework/src/Illuminate/Session/Middleware/StartSession.php(121): Illuminate/Pipeline/Pipeline->{closure:{closure:Illuminate/Pipeline/Pipeline::carry():184}:185}()
#24 D:/KULIAH/ISA ALI A/OOP/vanguardasset/vanguard-asset-web/vendor/laravel/framework/src/Illuminate/Session/Middleware/StartSession.php(64): Illuminate/Session/Middleware/StartSession->handleStatefulRequest()
#25 D:/KULIAH/ISA ALI A/OOP/vanguardasset/vanguard-asset-web/vendor/laravel/framework/src/Illuminate/Pipeline/Pipeline.php(209): Illuminate/Session/Middleware/StartSession->handle()
#26 D:/KULIAH/ISA ALI A/OOP/vanguardasset/vanguard-asset-web/vendor/laravel/framework/src/Illuminate/Cookie/Middleware/AddQueuedCookiesToResponse.php(37): Illuminate/Pipeline/Pipeline->{closure:{closure:Illuminate/Pipeline/Pipeline::carry():184}:185}()
#27 D:/KULIAH/ISA ALI A/OOP/vanguardasset/vanguard-asset-web/vendor/laravel/framework/src/Illuminate/Pipeline/Pipeline.php(209): Illuminate/Cookie/Middleware/AddQueuedCookiesToResponse->handle()
#28 D:/KULIAH/ISA ALI A/OOP/vanguardasset/vanguard-asset-web/vendor/laravel/framework/src/Illuminate/Cookie/Middleware/EncryptCookies.php(75): Illuminate/Pipeline/Pipeline->{closure:{closure:Illuminate/Pipeline/Pipeline::carry():184}:185}()
#29 D:/KULIAH/ISA ALI A/OOP/vanguardasset/vanguard-asset-web/vendor/laravel/framework/src/Illuminate/Pipeline/Pipeline.php(209): Illuminate/Cookie/Middleware/EncryptCookies->handle()
#30 D:/KULIAH/ISA ALI A/OOP/vanguardasset/vanguard-asset-web/vendor/laravel/framework/src/Illuminate/Pipeline/Pipeline.php(127): Illuminate/Pipeline/Pipeline->{closure:{closure:Illuminate/Pipeline/Pipeline::carry():184}:185}()
#31 D:/KULIAH/ISA ALI A/OOP/vanguardasset/vanguard-asset-web/vendor/laravel/framework/src/Illuminate/Routing/Router.php(807): Illuminate/Pipeline/Pipeline->then()
#32 D:/KULIAH/ISA ALI A/OOP/vanguardasset/vanguard-asset-web/vendor/laravel/framework/src/Illuminate/Routing/Router.php(786): Illuminate/Routing/Router->runRouteWithinStack()
#33 D:/KULIAH/ISA ALI A/OOP/vanguardasset/vanguard-asset-web/vendor/laravel/framework/src/Illuminate/Routing/Router.php(750): Illuminate/Routing/Router->runRoute()
#34 D:/KULIAH/ISA ALI A/OOP/vanguardasset/vanguard-asset-web/vendor/laravel/framework/src/Illuminate/Routing/Router.php(739): Illuminate/Routing/Router->dispatchToRoute()
#35 D:/KULIAH/ISA ALI A/OOP/vanguardasset/vanguard-asset-web/vendor/laravel/framework/src/Illuminate/Foundation/Http/Kernel.php(201): Illuminate/Routing/Router->dispatch()
#36 D:/KULIAH/ISA ALI A/OOP/vanguardasset/vanguard-asset-web/vendor/laravel/framework/src/Illuminate/Pipeline/Pipeline.php(170): Illuminate/Foundation/Http/Kernel->{closure:Illuminate/Foundation/Http/Kernel::dispatchToRouter():198}()
#37 D:/KULIAH/ISA ALI A/OOP/vanguardasset/vanguard-asset-web/vendor/laravel/framework/src/Illuminate/Foundation/Http/Middleware/TransformsRequest.php(21): Illuminate/Pipeline/Pipeline->{closure:Illuminate/Pipeline/Pipeline::prepareDestination():168}()
#38 D:/KULIAH/ISA ALI A/OOP/vanguardasset/vanguard-asset-web/vendor/laravel/framework/src/Illuminate/Foundation/Http/Middleware/ConvertEmptyStringsToNull.php(31): Illuminate/Foundation/Http/Middleware/TransformsRequest->handle()
#39 D:/KULIAH/ISA ALI A/OOP/vanguardasset/vanguard-asset-web/vendor/laravel/framework/src/Illuminate/Pipeline/Pipeline.php(209): Illuminate/Foundation/Http/Middleware/ConvertEmptyStringsToNull->handle()
#40 D:/KULIAH/ISA ALI A/OOP/vanguardasset/vanguard-asset-web/vendor/laravel/framework/src/Illuminate/Foundation/Http/Middleware/TransformsRequest.php(21): Illuminate/Pipeline/Pipeline->{closure:{closure:Illuminate/Pipeline/Pipeline::carry():184}:185}()
#41 D:/KULIAH/ISA ALI A/OOP/vanguardasset/vanguard-asset-web/vendor/laravel/framework/src/Illuminate/Foundation/Http/Middleware/TrimStrings.php(51): Illuminate/Foundation/Http/Middleware/TransformsRequest->handle()
#42 D:/KULIAH/ISA ALI A/OOP/vanguardasset/vanguard-asset-web/vendor/laravel/framework/src/Illuminate/Pipeline/Pipeline.php(209): Illuminate/Foundation/Http/Middleware/TrimStrings->handle()
#43 D:/KULIAH/ISA ALI A/OOP/vanguardasset/vanguard-asset-web/vendor/laravel/framework/src/Illuminate/Http/Middleware/ValidatePostSize.php(27): Illuminate/Pipeline/Pipeline->{closure:{closure:Illuminate/Pipeline/Pipeline::carry():184}:185}()
#44 D:/KULIAH/ISA ALI A/OOP/vanguardasset/vanguard-asset-web/vendor/laravel/framework/src/Illuminate/Pipeline/Pipeline.php(209): Illuminate/Http/Middleware/ValidatePostSize->handle()
#45 D:/KULIAH/ISA ALI A/OOP/vanguardasset/vanguard-asset-web/vendor/laravel/framework/src/Illuminate/Foundation/Http/Middleware/PreventRequestsDuringMaintenance.php(110): Illuminate/Pipeline/Pipeline->{closure:{closure:Illuminate/Pipeline/Pipeline::carry():184}:185}()
#46 D:/KULIAH/ISA ALI A/OOP/vanguardasset/vanguard-asset-web/vendor/laravel/framework/src/Illuminate/Pipeline/Pipeline.php(209): Illuminate/Foundation/Http/Middleware/PreventRequestsDuringMaintenance->handle()
#47 D:/KULIAH/ISA ALI A/OOP/vanguardasset/vanguard-asset-web/vendor/laravel/framework/src/Illuminate/Http/Middleware/HandleCors.php(49): Illuminate/Pipeline/Pipeline->{closure:{closure:Illuminate/Pipeline/Pipeline::carry():184}:185}()
#48 D:/KULIAH/ISA ALI A/OOP/vanguardasset/vanguard-asset-web/vendor/laravel/framework/src/Illuminate/Pipeline/Pipeline.php(209): Illuminate/Http/Middleware/HandleCors->handle()
#49 D:/KULIAH/ISA ALI A/OOP/vanguardasset/vanguard-asset-web/vendor/laravel/framework/src/Illuminate/Http/Middleware/TrustProxies.php(58): Illuminate/Pipeline/Pipeline->{closure:{closure:Illuminate/Pipeline/Pipeline::carry():184}:185}()
#50 D:/KULIAH/ISA ALI A/OOP/vanguardasset/vanguard-asset-web/vendor/laravel/framework/src/Illuminate/Pipeline/Pipeline.php(209): Illuminate/Http/Middleware/TrustProxies->handle()
#51 D:/KULIAH/ISA ALI A/OOP/vanguardasset/vanguard-asset-web/vendor/laravel/framework/src/Illuminate/Foundation/Http/Middleware/InvokeDeferredCallbacks.php(22): Illuminate/Pipeline/Pipeline->{closure:{closure:Illuminate/Pipeline/Pipeline::carry():184}:185}()
#52 D:/KULIAH/ISA ALI A/OOP/vanguardasset/vanguard-asset-web/vendor/laravel/framework/src/Illuminate/Pipeline/Pipeline.php(209): Illuminate/Foundation/Http/Middleware/InvokeDeferredCallbacks->handle()
#53 D:/KULIAH/ISA ALI A/OOP/vanguardasset/vanguard-asset-web/vendor/laravel/framework/src/Illuminate/Pipeline/Pipeline.php(127): Illuminate/Pipeline/Pipeline->{closure:{closure:Illuminate/Pipeline/Pipeline::carry():184}:185}()
#54 D:/KULIAH/ISA ALI A/OOP/vanguardasset/vanguard-asset-web/vendor/laravel/framework/src/Illuminate/Foundation/Http/Kernel.php(176): Illuminate/Pipeline/Pipeline->then()
#55 D:/KULIAH/ISA ALI A/OOP/vanguardasset/vanguard-asset-web/vendor/laravel/framework/src/Illuminate/Foundation/Http/Kernel.php(145): Illuminate/Foundation/Http/Kernel->sendRequestThroughRouter()
#56 D:/KULIAH/ISA ALI A/OOP/vanguardasset/vanguard-asset-web/public/index.php(36): Illuminate/Foundation/Http/Kernel->handle()
#57 D:/KULIAH/ISA ALI A/OOP/vanguardasset/vanguard-asset-web/vendor/laravel/framework/src/Illuminate/Foundation/resources/server.php(23): require_once('...')
#58 {main}

[previous exception] [object] (Symfony\\Component\\Routing\\Exception\\RouteNotFoundException(code: 0): Route [users.update-role] not defined. at D:/KULIAH/ISA ALI A/OOP/vanguardasset/vanguard-asset-web/vendor/laravel/framework/src/Illuminate/Routing/UrlGenerator.php:517)
[stacktrace]
#0 D:/KULIAH/ISA ALI A/OOP/vanguardasset/vanguard-asset-web/vendor/laravel/framework/src/Illuminate/Foundation/helpers.php(853): Illuminate/Routing/UrlGenerator->route()
#1 D:/KULIAH/ISA ALI A/OOP/vanguardasset/vanguard-asset-web/storage/framework/views/e3f6bf94b441879fa5b2b499f57193ae.php(47): route()
#2 D:/KULIAH/ISA ALI A/OOP/vanguardasset/vanguard-asset-web/vendor/laravel/framework/src/Illuminate/Filesystem/Filesystem.php(123): require('...')
#3 D:/KULIAH/ISA ALI A/OOP/vanguardasset/vanguard-asset-web/vendor/laravel/framework/src/Illuminate/Filesystem/Filesystem.php(124): Illuminate/Filesystem/Filesystem::{closure:Illuminate/Filesystem/Filesystem::getRequire():120}()
#4 D:/KULIAH/ISA ALI A/OOP/vanguardasset/vanguard-asset-web/vendor/laravel/framework/src/Illuminate/View/Engines/PhpEngine.php(58): Illuminate/Filesystem/Filesystem->getRequire()
#5 D:/KULIAH/ISA ALI A/OOP/vanguardasset/vanguard-asset-web/vendor/laravel/framework/src/Illuminate/View/Engines/CompilerEngine.php(75): Illuminate/View/Engines/PhpEngine->evaluatePath()
#6 D:/KULIAH/ISA ALI A/OOP/vanguardasset/vanguard-asset-web/vendor/laravel/framework/src/Illuminate/View/View.php(209): Illuminate/View/Engines/CompilerEngine->get()
#7 D:/KULIAH/ISA ALI A/OOP/vanguardasset/vanguard-asset-web/vendor/laravel/framework/src/Illuminate/View/View.php(192): Illuminate/View/View->getContents()
#8 D:/KULIAH/ISA ALI A/OOP/vanguardasset/vanguard-asset-web/vendor/laravel/framework/src/Illuminate/View/View.php(161): Illuminate/View/View->renderContents()
#9 D:/KULIAH/ISA ALI A/OOP/vanguardasset/vanguard-asset-web/vendor/laravel/framework/src/Illuminate/Http/Response.php(79): Illuminate/View/View->render()
#10 D:/KULIAH/ISA ALI A/OOP/vanguardasset/vanguard-asset-web/vendor/laravel/framework/src/Illuminate/Http/Response.php(35): Illuminate/Http/Response->setContent()
#11 D:/KULIAH/ISA ALI A/OOP/vanguardasset/vanguard-asset-web/vendor/laravel/framework/src/Illuminate/Routing/Router.php(920): Illuminate/Http/Response->__construct()
#12 D:/KULIAH/ISA ALI A/OOP/vanguardasset/vanguard-asset-web/vendor/laravel/framework/src/Illuminate/Routing/Router.php(887): Illuminate/Routing/Router::toResponse()
#13 D:/KULIAH/ISA ALI A/OOP/vanguardasset/vanguard-asset-web/vendor/laravel/framework/src/Illuminate/Routing/Router.php(807): Illuminate/Routing/Router->prepareResponse()
#14 D:/KULIAH/ISA ALI A/OOP/vanguardasset/vanguard-asset-web/vendor/laravel/framework/src/Illuminate/Pipeline/Pipeline.php(170): Illuminate/Routing/Router->{closure:Illuminate/Routing/Router::runRouteWithinStack():807}()
#15 D:/KULIAH/ISA ALI A/OOP/vanguardasset/vanguard-asset-web/app/Http/Middleware/RoleMiddleware.php(25): Illuminate/Pipeline/Pipeline->{closure:Illuminate/Pipeline/Pipeline::prepareDestination():168}()
#16 D:/KULIAH/ISA ALI A/OOP/vanguardasset/vanguard-asset-web/vendor/laravel/framework/src/Illuminate/Pipeline/Pipeline.php(209): App/Http/Middleware/RoleMiddleware->handle()
#17 D:/KULIAH/ISA ALI A/OOP/vanguardasset/vanguard-asset-web/app/Http/Middleware/SecurityHeadersMiddleware.php(18): Illuminate/Pipeline/Pipeline->{closure:{closure:Illuminate/Pipeline/Pipeline::carry():184}:185}()
#18 D:/KULIAH/ISA ALI A/OOP/vanguardasset/vanguard-asset-web/vendor/laravel/framework/src/Illuminate/Pipeline/Pipeline.php(209): App/Http/Middleware/SecurityHeadersMiddleware->handle()
#19 D:/KULIAH/ISA ALI A/OOP/vanguardasset/vanguard-asset-web/vendor/laravel/framework/src/Illuminate/Routing/Middleware/SubstituteBindings.php(51): Illuminate/Pipeline/Pipeline->{closure:{closure:Illuminate/Pipeline/Pipeline::carry():184}:185}()
#20 D:/KULIAH/ISA ALI A/OOP/vanguardasset/vanguard-asset-web/vendor/laravel/framework/src/Illuminate/Pipeline/Pipeline.php(209): Illuminate/Routing/Middleware/SubstituteBindings->handle()
#21 D:/KULIAH/ISA ALI A/OOP/vanguardasset/vanguard-asset-web/vendor/laravel/framework/src/Illuminate/Auth/Middleware/Authenticate.php(64): Illuminate/Pipeline/Pipeline->{closure:{closure:Illuminate/Pipeline/Pipeline::carry():184}:185}()
#22 D:/KULIAH/ISA ALI A/OOP/vanguardasset/vanguard-asset-web/vendor/laravel/framework/src/Illuminate/Pipeline/Pipeline.php(209): Illuminate/Auth/Middleware/Authenticate->handle()
#23 D:/KULIAH/ISA ALI A/OOP/vanguardasset/vanguard-asset-web/vendor/laravel/framework/src/Illuminate/Foundation/Http/Middleware/VerifyCsrfToken.php(88): Illuminate/Pipeline/Pipeline->{closure:{closure:Illuminate/Pipeline/Pipeline::carry():184}:185}()
#24 D:/KULIAH/ISA ALI A/OOP/vanguardasset/vanguard-asset-web/vendor/laravel/framework/src/Illuminate/Pipeline/Pipeline.php(209): Illuminate/Foundation/Http/Middleware/VerifyCsrfToken->handle()
#25 D:/KULIAH/ISA ALI A/OOP/vanguardasset/vanguard-asset-web/vendor/laravel/framework/src/Illuminate/View/Middleware/ShareErrorsFromSession.php(49): Illuminate/Pipeline/Pipeline->{closure:{closure:Illuminate/Pipeline/Pipeline::carry():184}:185}()
#26 D:/KULIAH/ISA ALI A/OOP/vanguardasset/vanguard-asset-web/vendor/laravel/framework/src/Illuminate/Pipeline/Pipeline.php(209): Illuminate/View/Middleware/ShareErrorsFromSession->handle()
#27 D:/KULIAH/ISA ALI A/OOP/vanguardasset/vanguard-asset-web/vendor/laravel/framework/src/Illuminate/Session/Middleware/StartSession.php(121): Illuminate/Pipeline/Pipeline->{closure:{closure:Illuminate/Pipeline/Pipeline::carry():184}:185}()
#28 D:/KULIAH/ISA ALI A/OOP/vanguardasset/vanguard-asset-web/vendor/laravel/framework/src/Illuminate/Session/Middleware/StartSession.php(64): Illuminate/Session/Middleware/StartSession->handleStatefulRequest()
#29 D:/KULIAH/ISA ALI A/OOP/vanguardasset/vanguard-asset-web/vendor/laravel/framework/src/Illuminate/Pipeline/Pipeline.php(209): Illuminate/Session/Middleware/StartSession->handle()
#30 D:/KULIAH/ISA ALI A/OOP/vanguardasset/vanguard-asset-web/vendor/laravel/framework/src/Illuminate/Cookie/Middleware/AddQueuedCookiesToResponse.php(37): Illuminate/Pipeline/Pipeline->{closure:{closure:Illuminate/Pipeline/Pipeline::carry():184}:185}()
#31 D:/KULIAH/ISA ALI A/OOP/vanguardasset/vanguard-asset-web/vendor/laravel/framework/src/Illuminate/Pipeline/Pipeline.php(209): Illuminate/Cookie/Middleware/AddQueuedCookiesToResponse->handle()
#32 D:/KULIAH/ISA ALI A/OOP/vanguardasset/vanguard-asset-web/vendor/laravel/framework/src/Illuminate/Cookie/Middleware/EncryptCookies.php(75): Illuminate/Pipeline/Pipeline->{closure:{closure:Illuminate/Pipeline/Pipeline::carry():184}:185}()
#33 D:/KULIAH/ISA ALI A/OOP/vanguardasset/vanguard-asset-web/vendor/laravel/framework/src/Illuminate/Pipeline/Pipeline.php(209): Illuminate/Cookie/Middleware/EncryptCookies->handle()
#34 D:/KULIAH/ISA ALI A/OOP/vanguardasset/vanguard-asset-web/vendor/laravel/framework/src/Illuminate/Pipeline/Pipeline.php(127): Illuminate/Pipeline/Pipeline->{closure:{closure:Illuminate/Pipeline/Pipeline::carry():184}:185}()
#35 D:/KULIAH/ISA ALI A/OOP/vanguardasset/vanguard-asset-web/vendor/laravel/framework/src/Illuminate/Routing/Router.php(807): Illuminate/Pipeline/Pipeline->then()
#36 D:/KULIAH/ISA ALI A/OOP/vanguardasset/vanguard-asset-web/vendor/laravel/framework/src/Illuminate/Routing/Router.php(786): Illuminate/Routing/Router->runRouteWithinStack()
#37 D:/KULIAH/ISA ALI A/OOP/vanguardasset/vanguard-asset-web/vendor/laravel/framework/src/Illuminate/Routing/Router.php(750): Illuminate/Routing/Router->runRoute()
#38 D:/KULIAH/ISA ALI A/OOP/vanguardasset/vanguard-asset-web/vendor/laravel/framework/src/Illuminate/Routing/Router.php(739): Illuminate/Routing/Router->dispatchToRoute()
#39 D:/KULIAH/ISA ALI A/OOP/vanguardasset/vanguard-asset-web/vendor/laravel/framework/src/Illuminate/Foundation/Http/Kernel.php(201): Illuminate/Routing/Router->dispatch()
#40 D:/KULIAH/ISA ALI A/OOP/vanguardasset/vanguard-asset-web/vendor/laravel/framework/src/Illuminate/Pipeline/Pipeline.php(170): Illuminate/Foundation/Http/Kernel->{closure:Illuminate/Foundation/Http/Kernel::dispatchToRouter():198}()
#41 D:/KULIAH/ISA ALI A/OOP/vanguardasset/vanguard-asset-web/vendor/laravel/framework/src/Illuminate/Foundation/Http/Middleware/TransformsRequest.php(21): Illuminate/Pipeline/Pipeline->{closure:Illuminate/Pipeline/Pipeline::prepareDestination():168}()
#42 D:/KULIAH/ISA ALI A/OOP/vanguardasset/vanguard-asset-web/vendor/laravel/framework/src/Illuminate/Foundation/Http/Middleware/ConvertEmptyStringsToNull.php(31): Illuminate/Foundation/Http/Middleware/TransformsRequest->handle()
#43 D:/KULIAH/ISA ALI A/OOP/vanguardasset/vanguard-asset-web/vendor/laravel/framework/src/Illuminate/Pipeline/Pipeline.php(209): Illuminate/Foundation/Http/Middleware/ConvertEmptyStringsToNull->handle()
#44 D:/KULIAH/ISA ALI A/OOP/vanguardasset/vanguard-asset-web/vendor/laravel/framework/src/Illuminate/Foundation/Http/Middleware/TransformsRequest.php(21): Illuminate/Pipeline/Pipeline->{closure:{closure:Illuminate/Pipeline/Pipeline::carry():184}:185}()
#45 D:/KULIAH/ISA ALI A/OOP/vanguardasset/vanguard-asset-web/vendor/laravel/framework/src/Illuminate/Foundation/Http/Middleware/TrimStrings.php(51): Illuminate/Foundation/Http/Middleware/TransformsRequest->handle()
#46 D:/KULIAH/ISA ALI A/OOP/vanguardasset/vanguard-asset-web/vendor/laravel/framework/src/Illuminate/Pipeline/Pipeline.php(209): Illuminate/Foundation/Http/Middleware/TrimStrings->handle()
#47 D:/KULIAH/ISA ALI A/OOP/vanguardasset/vanguard-asset-web/vendor/laravel/framework/src/Illuminate/Http/Middleware/ValidatePostSize.php(27): Illuminate/Pipeline/Pipeline->{closure:{closure:Illuminate/Pipeline/Pipeline::carry():184}:185}()
#48 D:/KULIAH/ISA ALI A/OOP/vanguardasset/vanguard-asset-web/vendor/laravel/framework/src/Illuminate/Pipeline/Pipeline.php(209): Illuminate/Http/Middleware/ValidatePostSize->handle()
#49 D:/KULIAH/ISA ALI A/OOP/vanguardasset/vanguard-asset-web/vendor/laravel/framework/src/Illuminate/Foundation/Http/Middleware/PreventRequestsDuringMaintenance.php(110): Illuminate/Pipeline/Pipeline->{closure:{closure:Illuminate/Pipeline/Pipeline::carry():184}:185}()
#50 D:/KULIAH/ISA ALI A/OOP/vanguardasset/vanguard-asset-web/vendor/laravel/framework/src/Illuminate/Pipeline/Pipeline.php(209): Illuminate/Foundation/Http/Middleware/PreventRequestsDuringMaintenance->handle()
#51 D:/KULIAH/ISA ALI A/OOP/vanguardasset/vanguard-asset-web/vendor/laravel/framework/src/Illuminate/Http/Middleware/HandleCors.php(49): Illuminate/Pipeline/Pipeline->{closure:{closure:Illuminate/Pipeline/Pipeline::carry():184}:185}()
#52 D:/KULIAH/ISA ALI A/OOP/vanguardasset/vanguard-asset-web/vendor/laravel/framework/src/Illuminate/Pipeline/Pipeline.php(209): Illuminate/Http/Middleware/HandleCors->handle()
#53 D:/KULIAH/ISA ALI A/OOP/vanguardasset/vanguard-asset-web/vendor/laravel/framework/src/Illuminate/Http/Middleware/TrustProxies.php(58): Illuminate/Pipeline/Pipeline->{closure:{closure:Illuminate/Pipeline/Pipeline::carry():184}:185}()
#54 D:/KULIAH/ISA ALI A/OOP/vanguardasset/vanguard-asset-web/vendor/laravel/framework/src/Illuminate/Pipeline/Pipeline.php(209): Illuminate/Http/Middleware/TrustProxies->handle()
#55 D:/KULIAH/ISA ALI A/OOP/vanguardasset/vanguard-asset-web/vendor/laravel/framework/src/Illuminate/Foundation/Http/Middleware/InvokeDeferredCallbacks.php(22): Illuminate/Pipeline/Pipeline->{closure:{closure:Illuminate/Pipeline/Pipeline::carry():184}:185}()
#56 D:/KULIAH/ISA ALI A/OOP/vanguardasset/vanguard-asset-web/vendor/laravel/framework/src/Illuminate/Pipeline/Pipeline.php(209): Illuminate/Foundation/Http/Middleware/InvokeDeferredCallbacks->handle()
#57 D:/KULIAH/ISA ALI A/OOP/vanguardasset/vanguard-asset-web/vendor/laravel/framework/src/Illuminate/Pipeline/Pipeline.php(127): Illuminate/Pipeline/Pipeline->{closure:{closure:Illuminate/Pipeline/Pipeline::carry():184}:185}()
#58 D:/KULIAH/ISA ALI A/OOP/vanguardasset/vanguard-asset-web/vendor/laravel/framework/src/Illuminate/Foundation/Http/Kernel.php(176): Illuminate/Pipeline/Pipeline->then()
#59 D:/KULIAH/ISA ALI A/OOP/vanguardasset/vanguard-asset-web/vendor/laravel/framework/src/Illuminate/Foundation/Http/Kernel.php(145): Illuminate/Foundation/Http/Kernel->sendRequestThroughRouter()
#60 D:/KULIAH/ISA ALI A/OOP/vanguardasset/vanguard-asset-web/public/index.php(36): Illuminate/Foundation/Http/Kernel->handle()
#61 D:/KULIAH/ISA ALI A/OOP/vanguardasset/vanguard-asset-web/vendor/laravel/framework/src/Illuminate/Foundation/resources/server.php(23): require_once('...')
#62 {main}
"} 
[2026-06-13 09:13:52] local.ERROR: SQLSTATE[23000]: Integrity constraint violation: 1062 Duplicate entry 'admin@vanguard.com' for key 'users_email_unique' (Connection: mysql, SQL: insert into `users` (`name`, `email`, `password`, `role`, `updated_at`, `created_at`) values (Vanguard IT Admin, admin@vanguard.com, $2y$12$shDqLcUYihl674OghFvhkefkWfUukYJ4C5G0QGeUO/lcQvIggwWxW, admin, 2026-06-13 09:13:51, 2026-06-13 09:13:51)) {"exception":"[object] (Illuminate\\Database\\UniqueConstraintViolationException(code: 23000): SQLSTATE[23000]: Integrity constraint violation: 1062 Duplicate entry 'admin@vanguard.com' for key 'users_email_unique' (Connection: mysql, SQL: insert into `users` (`name`, `email`, `password`, `role`, `updated_at`, `created_at`) values (Vanguard IT Admin, admin@vanguard.com, $2y$12$shDqLcUYihl674OghFvhkefkWfUukYJ4C5G0QGeUO/lcQvIggwWxW, admin, 2026-06-13 09:13:51, 2026-06-13 09:13:51)) at D:/KULIAH/ISA ALI A/OOP/vanguardasset/vanguard-asset-web/vendor/laravel/framework/src/Illuminate/Database/Connection.php:820)
[stacktrace]
#0 D:/KULIAH/ISA ALI A/OOP/vanguardasset/vanguard-asset-web/vendor/laravel/framework/src/Illuminate/Database/Connection.php(779): Illuminate/Database/Connection->runQueryCallback()
#1 D:/KULIAH/ISA ALI A/OOP/vanguardasset/vanguard-asset-web/vendor/laravel/framework/src/Illuminate/Database/MySqlConnection.php(42): Illuminate/Database/Connection->run()
#2 D:/KULIAH/ISA ALI A/OOP/vanguardasset/vanguard-asset-web/vendor/laravel/framework/src/Illuminate/Database/Query/Processors/MySqlProcessor.php(35): Illuminate/Database/MySqlConnection->insert()
#3 D:/KULIAH/ISA ALI A/OOP/vanguardasset/vanguard-asset-web/vendor/laravel/framework/src/Illuminate/Database/Query/Builder.php(3766): Illuminate/Database/Query/Processors/MySqlProcessor->processInsertGetId()
#4 D:/KULIAH/ISA ALI A/OOP/vanguardasset/vanguard-asset-web/vendor/laravel/framework/src/Illuminate/Database/Eloquent/Builder.php(2120): Illuminate/Database/Query/Builder->insertGetId()
#5 D:/KULIAH/ISA ALI A/OOP/vanguardasset/vanguard-asset-web/vendor/laravel/framework/src/Illuminate/Database/Eloquent/Model.php(1359): Illuminate/Database/Eloquent/Builder->__call()
#6 D:/KULIAH/ISA ALI A/OOP/vanguardasset/vanguard-asset-web/vendor/laravel/framework/src/Illuminate/Database/Eloquent/Model.php(1324): Illuminate/Database/Eloquent/Model->insertAndSetId()
#7 D:/KULIAH/ISA ALI A/OOP/vanguardasset/vanguard-asset-web/vendor/laravel/framework/src/Illuminate/Database/Eloquent/Model.php(1163): Illuminate/Database/Eloquent/Model->performInsert()
#8 D:/KULIAH/ISA ALI A/OOP/vanguardasset/vanguard-asset-web/vendor/laravel/framework/src/Illuminate/Database/Eloquent/Builder.php(1128): Illuminate/Database/Eloquent/Model->save()
#9 D:/KULIAH/ISA ALI A/OOP/vanguardasset/vanguard-asset-web/vendor/laravel/framework/src/Illuminate/Support/helpers.php(399): Illuminate/Database/Eloquent/Builder->{closure:Illuminate/Database/Eloquent/Builder::create():1127}()
#10 D:/KULIAH/ISA ALI A/OOP/vanguardasset/vanguard-asset-web/vendor/laravel/framework/src/Illuminate/Database/Eloquent/Builder.php(1127): tap()
#11 D:/KULIAH/ISA ALI A/OOP/vanguardasset/vanguard-asset-web/vendor/laravel/framework/src/Illuminate/Support/Traits/ForwardsCalls.php(23): Illuminate/Database/Eloquent/Builder->create()
#12 D:/KULIAH/ISA ALI A/OOP/vanguardasset/vanguard-asset-web/vendor/laravel/framework/src/Illuminate/Database/Eloquent/Model.php(2372): Illuminate/Database/Eloquent/Model->forwardCallTo()
#13 D:/KULIAH/ISA ALI A/OOP/vanguardasset/vanguard-asset-web/vendor/laravel/framework/src/Illuminate/Database/Eloquent/Model.php(2384): Illuminate/Database/Eloquent/Model->__call()
#14 D:/KULIAH/ISA ALI A/OOP/vanguardasset/vanguard-asset-web/database/seeders/DatabaseSeeder.php(19): Illuminate/Database/Eloquent/Model::__callStatic()
#15 D:/KULIAH/ISA ALI A/OOP/vanguardasset/vanguard-asset-web/vendor/laravel/framework/src/Illuminate/Container/BoundMethod.php(36): Database/Seeders/DatabaseSeeder->run()
#16 D:/KULIAH/ISA ALI A/OOP/vanguardasset/vanguard-asset-web/vendor/laravel/framework/src/Illuminate/Container/Util.php(43): Illuminate/Container/BoundMethod::{closure:Illuminate/Container/BoundMethod::call():35}()
#17 D:/KULIAH/ISA ALI A/OOP/vanguardasset/vanguard-asset-web/vendor/laravel/framework/src/Illuminate/Container/BoundMethod.php(95): Illuminate/Container/Util::unwrapIfClosure()
#18 D:/KULIAH/ISA ALI A/OOP/vanguardasset/vanguard-asset-web/vendor/laravel/framework/src/Illuminate/Container/BoundMethod.php(35): Illuminate/Container/BoundMethod::callBoundMethod()
#19 D:/KULIAH/ISA ALI A/OOP/vanguardasset/vanguard-asset-web/vendor/laravel/framework/src/Illuminate/Container/Container.php(696): Illuminate/Container/BoundMethod::call()
#20 D:/KULIAH/ISA ALI A/OOP/vanguardasset/vanguard-asset-web/vendor/laravel/framework/src/Illuminate/Database/Seeder.php(188): Illuminate/Container/Container->call()
#21 D:/KULIAH/ISA ALI A/OOP/vanguardasset/vanguard-asset-web/vendor/laravel/framework/src/Illuminate/Database/Seeder.php(197): Illuminate/Database/Seeder->{closure:Illuminate/Database/Seeder::__invoke():187}()
#22 D:/KULIAH/ISA ALI A/OOP/vanguardasset/vanguard-asset-web/vendor/laravel/framework/src/Illuminate/Database/Console/Seeds/SeedCommand.php(70): Illuminate/Database/Seeder->__invoke()
#23 D:/KULIAH/ISA ALI A/OOP/vanguardasset/vanguard-asset-web/vendor/laravel/framework/src/Illuminate/Database/Eloquent/Concerns/GuardsAttributes.php(155): Illuminate/Database/Console/Seeds/SeedCommand->{closure:Illuminate/Database/Console/Seeds/SeedCommand::handle():69}()
#24 D:/KULIAH/ISA ALI A/OOP/vanguardasset/vanguard-asset-web/vendor/laravel/framework/src/Illuminate/Database/Console/Seeds/SeedCommand.php(69): Illuminate/Database/Eloquent/Model::unguarded()
#25 D:/KULIAH/ISA ALI A/OOP/vanguardasset/vanguard-asset-web/vendor/laravel/framework/src/Illuminate/Container/BoundMethod.php(36): Illuminate/Database/Console/Seeds/SeedCommand->handle()
#26 D:/KULIAH/ISA ALI A/OOP/vanguardasset/vanguard-asset-web/vendor/laravel/framework/src/Illuminate/Container/Util.php(43): Illuminate/Container/BoundMethod::{closure:Illuminate/Container/BoundMethod::call():35}()
#27 D:/KULIAH/ISA ALI A/OOP/vanguardasset/vanguard-asset-web/vendor/laravel/framework/src/Illuminate/Container/BoundMethod.php(95): Illuminate/Container/Util::unwrapIfClosure()
#28 D:/KULIAH/ISA ALI A/OOP/vanguardasset/vanguard-asset-web/vendor/laravel/framework/src/Illuminate/Container/BoundMethod.php(35): Illuminate/Container/BoundMethod::callBoundMethod()
#29 D:/KULIAH/ISA ALI A/OOP/vanguardasset/vanguard-asset-web/vendor/laravel/framework/src/Illuminate/Container/Container.php(696): Illuminate/Container/BoundMethod::call()
#30 D:/KULIAH/ISA ALI A/OOP/vanguardasset/vanguard-asset-web/vendor/laravel/framework/src/Illuminate/Console/Command.php(213): Illuminate/Container/Container->call()
#31 D:/KULIAH/ISA ALI A/OOP/vanguardasset/vanguard-asset-web/vendor/symfony/console/Command/Command.php(341): Illuminate/Console/Command->execute()
#32 D:/KULIAH/ISA ALI A/OOP/vanguardasset/vanguard-asset-web/vendor/laravel/framework/src/Illuminate/Console/Command.php(182): Symfony/Component/Console/Command/Command->run()
#33 D:/KULIAH/ISA ALI A/OOP/vanguardasset/vanguard-asset-web/vendor/laravel/framework/src/Illuminate/Console/Concerns/CallsCommands.php(68): Illuminate/Console/Command->run()
#34 D:/KULIAH/ISA ALI A/OOP/vanguardasset/vanguard-asset-web/vendor/laravel/framework/src/Illuminate/Console/Concerns/CallsCommands.php(29): Illuminate/Console/Command->runCommand()
#35 D:/KULIAH/ISA ALI A/OOP/vanguardasset/vanguard-asset-web/vendor/laravel/framework/src/Illuminate/Database/Console/Migrations/MigrateCommand.php(126): Illuminate/Console/Command->call()
#36 D:/KULIAH/ISA ALI A/OOP/vanguardasset/vanguard-asset-web/vendor/laravel/framework/src/Illuminate/Database/Migrations/Migrator.php(658): Illuminate/Database/Console/Migrations/MigrateCommand->{closure:Illuminate/Database/Console/Migrations/MigrateCommand::runMigrations():110}()
#37 D:/KULIAH/ISA ALI A/OOP/vanguardasset/vanguard-asset-web/vendor/laravel/framework/src/Illuminate/Database/Console/Migrations/MigrateCommand.php(110): Illuminate/Database/Migrations/Migrator->usingConnection()
#38 D:/KULIAH/ISA ALI A/OOP/vanguardasset/vanguard-asset-web/vendor/laravel/framework/src/Illuminate/Database/Console/Migrations/MigrateCommand.php(89): Illuminate/Database/Console/Migrations/MigrateCommand->runMigrations()
#39 D:/KULIAH/ISA ALI A/OOP/vanguardasset/vanguard-asset-web/vendor/laravel/framework/src/Illuminate/Container/BoundMethod.php(36): Illuminate/Database/Console/Migrations/MigrateCommand->handle()
#40 D:/KULIAH/ISA ALI A/OOP/vanguardasset/vanguard-asset-web/vendor/laravel/framework/src/Illuminate/Container/Util.php(43): Illuminate/Container/BoundMethod::{closure:Illuminate/Container/BoundMethod::call():35}()
#41 D:/KULIAH/ISA ALI A/OOP/vanguardasset/vanguard-asset-web/vendor/laravel/framework/src/Illuminate/Container/BoundMethod.php(95): Illuminate/Container/Util::unwrapIfClosure()
#42 D:/KULIAH/ISA ALI A/OOP/vanguardasset/vanguard-asset-web/vendor/laravel/framework/src/Illuminate/Container/BoundMethod.php(35): Illuminate/Container/BoundMethod::callBoundMethod()
#43 D:/KULIAH/ISA ALI A/OOP/vanguardasset/vanguard-asset-web/vendor/laravel/framework/src/Illuminate/Container/Container.php(696): Illuminate/Container/BoundMethod::call()
#44 D:/KULIAH/ISA ALI A/OOP/vanguardasset/vanguard-asset-web/vendor/laravel/framework/src/Illuminate/Console/Command.php(213): Illuminate/Container/Container->call()
#45 D:/KULIAH/ISA ALI A/OOP/vanguardasset/vanguard-asset-web/vendor/symfony/console/Command/Command.php(341): Illuminate/Console/Command->execute()
#46 D:/KULIAH/ISA ALI A/OOP/vanguardasset/vanguard-asset-web/vendor/laravel/framework/src/Illuminate/Console/Command.php(182): Symfony/Component/Console/Command/Command->run()
#47 D:/KULIAH/ISA ALI A/OOP/vanguardasset/vanguard-asset-web/vendor/symfony/console/Application.php(1117): Illuminate/Console/Command->run()
#48 D:/KULIAH/ISA ALI A/OOP/vanguardasset/vanguard-asset-web/vendor/symfony/console/Application.php(356): Symfony/Component/Console/Application->doRunCommand()
#49 D:/KULIAH/ISA ALI A/OOP/vanguardasset/vanguard-asset-web/vendor/symfony/console/Application.php(195): Symfony/Component/Console/Application->doRun()
#50 D:/KULIAH/ISA ALI A/OOP/vanguardasset/vanguard-asset-web/vendor/laravel/framework/src/Illuminate/Foundation/Console/Kernel.php(198): Symfony/Component/Console/Application->run()
#51 D:/KULIAH/ISA ALI A/OOP/vanguardasset/vanguard-asset-web/artisan(16): Illuminate/Foundation/Console/Kernel->handle()
#52 {main}

[previous exception] [object] (PDOException(code: 23000): SQLSTATE[23000]: Integrity constraint violation: 1062 Duplicate entry 'admin@vanguard.com' for key 'users_email_unique' at D:/KULIAH/ISA ALI A/OOP/vanguardasset/vanguard-asset-web/vendor/laravel/framework/src/Illuminate/Database/MySqlConnection.php:53)
[stacktrace]
#0 D:/KULIAH/ISA ALI A/OOP/vanguardasset/vanguard-asset-web/vendor/laravel/framework/src/Illuminate/Database/MySqlConnection.php(53): PDOStatement->execute()
#1 D:/KULIAH/ISA ALI A/OOP/vanguardasset/vanguard-asset-web/vendor/laravel/framework/src/Illuminate/Database/Connection.php(812): Illuminate/Database/MySqlConnection->{closure:Illuminate/Database/MySqlConnection::insert():42}()
#2 D:/KULIAH/ISA ALI A/OOP/vanguardasset/vanguard-asset-web/vendor/laravel/framework/src/Illuminate/Database/Connection.php(779): Illuminate/Database/Connection->runQueryCallback()
#3 D:/KULIAH/ISA ALI A/OOP/vanguardasset/vanguard-asset-web/vendor/laravel/framework/src/Illuminate/Database/MySqlConnection.php(42): Illuminate/Database/Connection->run()
#4 D:/KULIAH/ISA ALI A/OOP/vanguardasset/vanguard-asset-web/vendor/laravel/framework/src/Illuminate/Database/Query/Processors/MySqlProcessor.php(35): Illuminate/Database/MySqlConnection->insert()
#5 D:/KULIAH/ISA ALI A/OOP/vanguardasset/vanguard-asset-web/vendor/laravel/framework/src/Illuminate/Database/Query/Builder.php(3766): Illuminate/Database/Query/Processors/MySqlProcessor->processInsertGetId()
#6 D:/KULIAH/ISA ALI A/OOP/vanguardasset/vanguard-asset-web/vendor/laravel/framework/src/Illuminate/Database/Eloquent/Builder.php(2120): Illuminate/Database/Query/Builder->insertGetId()
#7 D:/KULIAH/ISA ALI A/OOP/vanguardasset/vanguard-asset-web/vendor/laravel/framework/src/Illuminate/Database/Eloquent/Model.php(1359): Illuminate/Database/Eloquent/Builder->__call()
#8 D:/KULIAH/ISA ALI A/OOP/vanguardasset/vanguard-asset-web/vendor/laravel/framework/src/Illuminate/Database/Eloquent/Model.php(1324): Illuminate/Database/Eloquent/Model->insertAndSetId()
#9 D:/KULIAH/ISA ALI A/OOP/vanguardasset/vanguard-asset-web/vendor/laravel/framework/src/Illuminate/Database/Eloquent/Model.php(1163): Illuminate/Database/Eloquent/Model->performInsert()
#10 D:/KULIAH/ISA ALI A/OOP/vanguardasset/vanguard-asset-web/vendor/laravel/framework/src/Illuminate/Database/Eloquent/Builder.php(1128): Illuminate/Database/Eloquent/Model->save()
#11 D:/KULIAH/ISA ALI A/OOP/vanguardasset/vanguard-asset-web/vendor/laravel/framework/src/Illuminate/Support/helpers.php(399): Illuminate/Database/Eloquent/Builder->{closure:Illuminate/Database/Eloquent/Builder::create():1127}()
#12 D:/KULIAH/ISA ALI A/OOP/vanguardasset/vanguard-asset-web/vendor/laravel/framework/src/Illuminate/Database/Eloquent/Builder.php(1127): tap()
#13 D:/KULIAH/ISA ALI A/OOP/vanguardasset/vanguard-asset-web/vendor/laravel/framework/src/Illuminate/Support/Traits/ForwardsCalls.php(23): Illuminate/Database/Eloquent/Builder->create()
#14 D:/KULIAH/ISA ALI A/OOP/vanguardasset/vanguard-asset-web/vendor/laravel/framework/src/Illuminate/Database/Eloquent/Model.php(2372): Illuminate/Database/Eloquent/Model->forwardCallTo()
#15 D:/KULIAH/ISA ALI A/OOP/vanguardasset/vanguard-asset-web/vendor/laravel/framework/src/Illuminate/Database/Eloquent/Model.php(2384): Illuminate/Database/Eloquent/Model->__call()
#16 D:/KULIAH/ISA ALI A/OOP/vanguardasset/vanguard-asset-web/database/seeders/DatabaseSeeder.php(19): Illuminate/Database/Eloquent/Model::__callStatic()
#17 D:/KULIAH/ISA ALI A/OOP/vanguardasset/vanguard-asset-web/vendor/laravel/framework/src/Illuminate/Container/BoundMethod.php(36): Database/Seeders/DatabaseSeeder->run()
#18 D:/KULIAH/ISA ALI A/OOP/vanguardasset/vanguard-asset-web/vendor/laravel/framework/src/Illuminate/Container/Util.php(43): Illuminate/Container/BoundMethod::{closure:Illuminate/Container/BoundMethod::call():35}()
#19 D:/KULIAH/ISA ALI A/OOP/vanguardasset/vanguard-asset-web/vendor/laravel/framework/src/Illuminate/Container/BoundMethod.php(95): Illuminate/Container/Util::unwrapIfClosure()
#20 D:/KULIAH/ISA ALI A/OOP/vanguardasset/vanguard-asset-web/vendor/laravel/framework/src/Illuminate/Container/BoundMethod.php(35): Illuminate/Container/BoundMethod::callBoundMethod()
#21 D:/KULIAH/ISA ALI A/OOP/vanguardasset/vanguard-asset-web/vendor/laravel/framework/src/Illuminate/Container/Container.php(696): Illuminate/Container/BoundMethod::call()
#22 D:/KULIAH/ISA ALI A/OOP/vanguardasset/vanguard-asset-web/vendor/laravel/framework/src/Illuminate/Database/Seeder.php(188): Illuminate/Container/Container->call()
#23 D:/KULIAH/ISA ALI A/OOP/vanguardasset/vanguard-asset-web/vendor/laravel/framework/src/Illuminate/Database/Seeder.php(197): Illuminate/Database/Seeder->{closure:Illuminate/Database/Seeder::__invoke():187}()
#24 D:/KULIAH/ISA ALI A/OOP/vanguardasset/vanguard-asset-web/vendor/laravel/framework/src/Illuminate/Database/Console/Seeds/SeedCommand.php(70): Illuminate/Database/Seeder->__invoke()
#25 D:/KULIAH/ISA ALI A/OOP/vanguardasset/vanguard-asset-web/vendor/laravel/framework/src/Illuminate/Database/Eloquent/Concerns/GuardsAttributes.php(155): Illuminate/Database/Console/Seeds/SeedCommand->{closure:Illuminate/Database/Console/Seeds/SeedCommand::handle():69}()
#26 D:/KULIAH/ISA ALI A/OOP/vanguardasset/vanguard-asset-web/vendor/laravel/framework/src/Illuminate/Database/Console/Seeds/SeedCommand.php(69): Illuminate/Database/Eloquent/Model::unguarded()
#27 D:/KULIAH/ISA ALI A/OOP/vanguardasset/vanguard-asset-web/vendor/laravel/framework/src/Illuminate/Container/BoundMethod.php(36): Illuminate/Database/Console/Seeds/SeedCommand->handle()
#28 D:/KULIAH/ISA ALI A/OOP/vanguardasset/vanguard-asset-web/vendor/laravel/framework/src/Illuminate/Container/Util.php(43): Illuminate/Container/BoundMethod::{closure:Illuminate/Container/BoundMethod::call():35}()
#29 D:/KULIAH/ISA ALI A/OOP/vanguardasset/vanguard-asset-web/vendor/laravel/framework/src/Illuminate/Container/BoundMethod.php(95): Illuminate/Container/Util::unwrapIfClosure()
#30 D:/KULIAH/ISA ALI A/OOP/vanguardasset/vanguard-asset-web/vendor/laravel/framework/src/Illuminate/Container/BoundMethod.php(35): Illuminate/Container/BoundMethod::callBoundMethod()
#31 D:/KULIAH/ISA ALI A/OOP/vanguardasset/vanguard-asset-web/vendor/laravel/framework/src/Illuminate/Container/Container.php(696): Illuminate/Container/BoundMethod::call()
#32 D:/KULIAH/ISA ALI A/OOP/vanguardasset/vanguard-asset-web/vendor/laravel/framework/src/Illuminate/Console/Command.php(213): Illuminate/Container/Container->call()
#33 D:/KULIAH/ISA ALI A/OOP/vanguardasset/vanguard-asset-web/vendor/symfony/console/Command/Command.php(341): Illuminate/Console/Command->execute()
#34 D:/KULIAH/ISA ALI A/OOP/vanguardasset/vanguard-asset-web/vendor/laravel/framework/src/Illuminate/Console/Command.php(182): Symfony/Component/Console/Command/Command->run()
#35 D:/KULIAH/ISA ALI A/OOP/vanguardasset/vanguard-asset-web/vendor/laravel/framework/src/Illuminate/Console/Concerns/CallsCommands.php(68): Illuminate/Console/Command->run()
#36 D:/KULIAH/ISA ALI A/OOP/vanguardasset/vanguard-asset-web/vendor/laravel/framework/src/Illuminate/Console/Concerns/CallsCommands.php(29): Illuminate/Console/Command->runCommand()
#37 D:/KULIAH/ISA ALI A/OOP/vanguardasset/vanguard-asset-web/vendor/laravel/framework/src/Illuminate/Database/Console/Migrations/MigrateCommand.php(126): Illuminate/Console/Command->call()
#38 D:/KULIAH/ISA ALI A/OOP/vanguardasset/vanguard-asset-web/vendor/laravel/framework/src/Illuminate/Database/Migrations/Migrator.php(658): Illuminate/Database/Console/Migrations/MigrateCommand->{closure:Illuminate/Database/Console/Migrations/MigrateCommand::runMigrations():110}()
#39 D:/KULIAH/ISA ALI A/OOP/vanguardasset/vanguard-asset-web/vendor/laravel/framework/src/Illuminate/Database/Console/Migrations/MigrateCommand.php(110): Illuminate/Database/Migrations/Migrator->usingConnection()
#40 D:/KULIAH/ISA ALI A/OOP/vanguardasset/vanguard-asset-web/vendor/laravel/framework/src/Illuminate/Database/Console/Migrations/MigrateCommand.php(89): Illuminate/Database/Console/Migrations/MigrateCommand->runMigrations()
#41 D:/KULIAH/ISA ALI A/OOP/vanguardasset/vanguard-asset-web/vendor/laravel/framework/src/Illuminate/Container/BoundMethod.php(36): Illuminate/Database/Console/Migrations/MigrateCommand->handle()
#42 D:/KULIAH/ISA ALI A/OOP/vanguardasset/vanguard-asset-web/vendor/laravel/framework/src/Illuminate/Container/Util.php(43): Illuminate/Container/BoundMethod::{closure:Illuminate/Container/BoundMethod::call():35}()
#43 D:/KULIAH/ISA ALI A/OOP/vanguardasset/vanguard-asset-web/vendor/laravel/framework/src/Illuminate/Container/BoundMethod.php(95): Illuminate/Container/Util::unwrapIfClosure()
#44 D:/KULIAH/ISA ALI A/OOP/vanguardasset/vanguard-asset-web/vendor/laravel/framework/src/Illuminate/Container/BoundMethod.php(35): Illuminate/Container/BoundMethod::callBoundMethod()
#45 D:/KULIAH/ISA ALI A/OOP/vanguardasset/vanguard-asset-web/vendor/laravel/framework/src/Illuminate/Container/Container.php(696): Illuminate/Container/BoundMethod::call()
#46 D:/KULIAH/ISA ALI A/OOP/vanguardasset/vanguard-asset-web/vendor/laravel/framework/src/Illuminate/Console/Command.php(213): Illuminate/Container/Container->call()
#47 D:/KULIAH/ISA ALI A/OOP/vanguardasset/vanguard-asset-web/vendor/symfony/console/Command/Command.php(341): Illuminate/Console/Command->execute()
#48 D:/KULIAH/ISA ALI A/OOP/vanguardasset/vanguard-asset-web/vendor/laravel/framework/src/Illuminate/Console/Command.php(182): Symfony/Component/Console/Command/Command->run()
#49 D:/KULIAH/ISA ALI A/OOP/vanguardasset/vanguard-asset-web/vendor/symfony/console/Application.php(1117): Illuminate/Console/Command->run()
#50 D:/KULIAH/ISA ALI A/OOP/vanguardasset/vanguard-asset-web/vendor/symfony/console/Application.php(356): Symfony/Component/Console/Application->doRunCommand()
#51 D:/KULIAH/ISA ALI A/OOP/vanguardasset/vanguard-asset-web/vendor/symfony/console/Application.php(195): Symfony/Component/Console/Application->doRun()
#52 D:/KULIAH/ISA ALI A/OOP/vanguardasset/vanguard-asset-web/vendor/laravel/framework/src/Illuminate/Foundation/Console/Kernel.php(198): Symfony/Component/Console/Application->run()
#53 D:/KULIAH/ISA ALI A/OOP/vanguardasset/vanguard-asset-web/artisan(16): Illuminate/Foundation/Console/Kernel->handle()
#54 {main}
"} 
[2026-06-13 09:55:03] local.ERROR: Class "Barryvdh\DomPDF\Facade\Pdf" not found {"userId":1,"exception":"[object] (Error(code: 0): Class \"Barryvdh\\DomPDF\\Facade\\Pdf\" not found at D:/KULIAH/ISA ALI A/OOP/vanguardasset/vanguard-asset-web/app/Http/Controllers/AssetController.php:411)
[stacktrace]
#0 D:/KULIAH/ISA ALI A/OOP/vanguardasset/vanguard-asset-web/vendor/laravel/framework/src/Illuminate/Routing/ControllerDispatcher.php(47): App/Http/Controllers/AssetController->exportPdf()
#1 D:/KULIAH/ISA ALI A/OOP/vanguardasset/vanguard-asset-web/vendor/laravel/framework/src/Illuminate/Routing/Route.php(266): Illuminate/Routing/ControllerDispatcher->dispatch()
#2 D:/KULIAH/ISA ALI A/OOP/vanguardasset/vanguard-asset-web/vendor/laravel/framework/src/Illuminate/Routing/Route.php(212): Illuminate/Routing/Route->runController()
#3 D:/KULIAH/ISA ALI A/OOP/vanguardasset/vanguard-asset-web/vendor/laravel/framework/src/Illuminate/Routing/Router.php(808): Illuminate/Routing/Route->run()
#4 D:/KULIAH/ISA ALI A/OOP/vanguardasset/vanguard-asset-web/vendor/laravel/framework/src/Illuminate/Pipeline/Pipeline.php(170): Illuminate/Routing/Router->{closure:Illuminate/Routing/Router::runRouteWithinStack():807}()
#5 D:/KULIAH/ISA ALI A/OOP/vanguardasset/vanguard-asset-web/app/Http/Middleware/RoleMiddleware.php(25): Illuminate/Pipeline/Pipeline->{closure:Illuminate/Pipeline/Pipeline::prepareDestination():168}()
#6 D:/KULIAH/ISA ALI A/OOP/vanguardasset/vanguard-asset-web/vendor/laravel/framework/src/Illuminate/Pipeline/Pipeline.php(209): App/Http/Middleware/RoleMiddleware->handle()
#7 D:/KULIAH/ISA ALI A/OOP/vanguardasset/vanguard-asset-web/app/Http/Middleware/SecurityHeadersMiddleware.php(18): Illuminate/Pipeline/Pipeline->{closure:{closure:Illuminate/Pipeline/Pipeline::carry():184}:185}()
#8 D:/KULIAH/ISA ALI A/OOP/vanguardasset/vanguard-asset-web/vendor/laravel/framework/src/Illuminate/Pipeline/Pipeline.php(209): App/Http/Middleware/SecurityHeadersMiddleware->handle()
#9 D:/KULIAH/ISA ALI A/OOP/vanguardasset/vanguard-asset-web/vendor/laravel/framework/src/Illuminate/Routing/Middleware/SubstituteBindings.php(51): Illuminate/Pipeline/Pipeline->{closure:{closure:Illuminate/Pipeline/Pipeline::carry():184}:185}()
#10 D:/KULIAH/ISA ALI A/OOP/vanguardasset/vanguard-asset-web/vendor/laravel/framework/src/Illuminate/Pipeline/Pipeline.php(209): Illuminate/Routing/Middleware/SubstituteBindings->handle()
#11 D:/KULIAH/ISA ALI A/OOP/vanguardasset/vanguard-asset-web/vendor/laravel/framework/src/Illuminate/Auth/Middleware/Authenticate.php(64): Illuminate/Pipeline/Pipeline->{closure:{closure:Illuminate/Pipeline/Pipeline::carry():184}:185}()
#12 D:/KULIAH/ISA ALI A/OOP/vanguardasset/vanguard-asset-web/vendor/laravel/framework/src/Illuminate/Pipeline/Pipeline.php(209): Illuminate/Auth/Middleware/Authenticate->handle()
#13 D:/KULIAH/ISA ALI A/OOP/vanguardasset/vanguard-asset-web/vendor/laravel/framework/src/Illuminate/Foundation/Http/Middleware/VerifyCsrfToken.php(88): Illuminate/Pipeline/Pipeline->{closure:{closure:Illuminate/Pipeline/Pipeline::carry():184}:185}()
#14 D:/KULIAH/ISA ALI A/OOP/vanguardasset/vanguard-asset-web/vendor/laravel/framework/src/Illuminate/Pipeline/Pipeline.php(209): Illuminate/Foundation/Http/Middleware/VerifyCsrfToken->handle()
#15 D:/KULIAH/ISA ALI A/OOP/vanguardasset/vanguard-asset-web/vendor/laravel/framework/src/Illuminate/View/Middleware/ShareErrorsFromSession.php(49): Illuminate/Pipeline/Pipeline->{closure:{closure:Illuminate/Pipeline/Pipeline::carry():184}:185}()
#16 D:/KULIAH/ISA ALI A/OOP/vanguardasset/vanguard-asset-web/vendor/laravel/framework/src/Illuminate/Pipeline/Pipeline.php(209): Illuminate/View/Middleware/ShareErrorsFromSession->handle()
#17 D:/KULIAH/ISA ALI A/OOP/vanguardasset/vanguard-asset-web/vendor/laravel/framework/src/Illuminate/Session/Middleware/StartSession.php(121): Illuminate/Pipeline/Pipeline->{closure:{closure:Illuminate/Pipeline/Pipeline::carry():184}:185}()
#18 D:/KULIAH/ISA ALI A/OOP/vanguardasset/vanguard-asset-web/vendor/laravel/framework/src/Illuminate/Session/Middleware/StartSession.php(64): Illuminate/Session/Middleware/StartSession->handleStatefulRequest()
#19 D:/KULIAH/ISA ALI A/OOP/vanguardasset/vanguard-asset-web/vendor/laravel/framework/src/Illuminate/Pipeline/Pipeline.php(209): Illuminate/Session/Middleware/StartSession->handle()
#20 D:/KULIAH/ISA ALI A/OOP/vanguardasset/vanguard-asset-web/vendor/laravel/framework/src/Illuminate/Cookie/Middleware/AddQueuedCookiesToResponse.php(37): Illuminate/Pipeline/Pipeline->{closure:{closure:Illuminate/Pipeline/Pipeline::carry():184}:185}()
#21 D:/KULIAH/ISA ALI A/OOP/vanguardasset/vanguard-asset-web/vendor/laravel/framework/src/Illuminate/Pipeline/Pipeline.php(209): Illuminate/Cookie/Middleware/AddQueuedCookiesToResponse->handle()
#22 D:/KULIAH/ISA ALI A/OOP/vanguardasset/vanguard-asset-web/vendor/laravel/framework/src/Illuminate/Cookie/Middleware/EncryptCookies.php(75): Illuminate/Pipeline/Pipeline->{closure:{closure:Illuminate/Pipeline/Pipeline::carry():184}:185}()
#23 D:/KULIAH/ISA ALI A/OOP/vanguardasset/vanguard-asset-web/vendor/laravel/framework/src/Illuminate/Pipeline/Pipeline.php(209): Illuminate/Cookie/Middleware/EncryptCookies->handle()
#24 D:/KULIAH/ISA ALI A/OOP/vanguardasset/vanguard-asset-web/vendor/laravel/framework/src/Illuminate/Pipeline/Pipeline.php(127): Illuminate/Pipeline/Pipeline->{closure:{closure:Illuminate/Pipeline/Pipeline::carry():184}:185}()
#25 D:/KULIAH/ISA ALI A/OOP/vanguardasset/vanguard-asset-web/vendor/laravel/framework/src/Illuminate/Routing/Router.php(807): Illuminate/Pipeline/Pipeline->then()
#26 D:/KULIAH/ISA ALI A/OOP/vanguardasset/vanguard-asset-web/vendor/laravel/framework/src/Illuminate/Routing/Router.php(786): Illuminate/Routing/Router->runRouteWithinStack()
#27 D:/KULIAH/ISA ALI A/OOP/vanguardasset/vanguard-asset-web/vendor/laravel/framework/src/Illuminate/Routing/Router.php(750): Illuminate/Routing/Router->runRoute()
#28 D:/KULIAH/ISA ALI A/OOP/vanguardasset/vanguard-asset-web/vendor/laravel/framework/src/Illuminate/Routing/Router.php(739): Illuminate/Routing/Router->dispatchToRoute()
#29 D:/KULIAH/ISA ALI A/OOP/vanguardasset/vanguard-asset-web/vendor/laravel/framework/src/Illuminate/Foundation/Http/Kernel.php(201): Illuminate/Routing/Router->dispatch()
#30 D:/KULIAH/ISA ALI A/OOP/vanguardasset/vanguard-asset-web/vendor/laravel/framework/src/Illuminate/Pipeline/Pipeline.php(170): Illuminate/Foundation/Http/Kernel->{closure:Illuminate/Foundation/Http/Kernel::dispatchToRouter():198}()
#31 D:/KULIAH/ISA ALI A/OOP/vanguardasset/vanguard-asset-web/vendor/laravel/framework/src/Illuminate/Foundation/Http/Middleware/TransformsRequest.php(21): Illuminate/Pipeline/Pipeline->{closure:Illuminate/Pipeline/Pipeline::prepareDestination():168}()
#32 D:/KULIAH/ISA ALI A/OOP/vanguardasset/vanguard-asset-web/vendor/laravel/framework/src/Illuminate/Foundation/Http/Middleware/ConvertEmptyStringsToNull.php(31): Illuminate/Foundation/Http/Middleware/TransformsRequest->handle()
#33 D:/KULIAH/ISA ALI A/OOP/vanguardasset/vanguard-asset-web/vendor/laravel/framework/src/Illuminate/Pipeline/Pipeline.php(209): Illuminate/Foundation/Http/Middleware/ConvertEmptyStringsToNull->handle()
#34 D:/KULIAH/ISA ALI A/OOP/vanguardasset/vanguard-asset-web/vendor/laravel/framework/src/Illuminate/Foundation/Http/Middleware/TransformsRequest.php(21): Illuminate/Pipeline/Pipeline->{closure:{closure:Illuminate/Pipeline/Pipeline::carry():184}:185}()
#35 D:/KULIAH/ISA ALI A/OOP/vanguardasset/vanguard-asset-web/vendor/laravel/framework/src/Illuminate/Foundation/Http/Middleware/TrimStrings.php(51): Illuminate/Foundation/Http/Middleware/TransformsRequest->handle()
#36 D:/KULIAH/ISA ALI A/OOP/vanguardasset/vanguard-asset-web/vendor/laravel/framework/src/Illuminate/Pipeline/Pipeline.php(209): Illuminate/Foundation/Http/Middleware/TrimStrings->handle()
#37 D:/KULIAH/ISA ALI A/OOP/vanguardasset/vanguard-asset-web/vendor/laravel/framework/src/Illuminate/Http/Middleware/ValidatePostSize.php(27): Illuminate/Pipeline/Pipeline->{closure:{closure:Illuminate/Pipeline/Pipeline::carry():184}:185}()
#38 D:/KULIAH/ISA ALI A/OOP/vanguardasset/vanguard-asset-web/vendor/laravel/framework/src/Illuminate/Pipeline/Pipeline.php(209): Illuminate/Http/Middleware/ValidatePostSize->handle()
#39 D:/KULIAH/ISA ALI A/OOP/vanguardasset/vanguard-asset-web/vendor/laravel/framework/src/Illuminate/Foundation/Http/Middleware/PreventRequestsDuringMaintenance.php(110): Illuminate/Pipeline/Pipeline->{closure:{closure:Illuminate/Pipeline/Pipeline::carry():184}:185}()
#40 D:/KULIAH/ISA ALI A/OOP/vanguardasset/vanguard-asset-web/vendor/laravel/framework/src/Illuminate/Pipeline/Pipeline.php(209): Illuminate/Foundation/Http/Middleware/PreventRequestsDuringMaintenance->handle()
#41 D:/KULIAH/ISA ALI A/OOP/vanguardasset/vanguard-asset-web/vendor/laravel/framework/src/Illuminate/Http/Middleware/HandleCors.php(49): Illuminate/Pipeline/Pipeline->{closure:{closure:Illuminate/Pipeline/Pipeline::carry():184}:185}()
#42 D:/KULIAH/ISA ALI A/OOP/vanguardasset/vanguard-asset-web/vendor/laravel/framework/src/Illuminate/Pipeline/Pipeline.php(209): Illuminate/Http/Middleware/HandleCors->handle()
#43 D:/KULIAH/ISA ALI A/OOP/vanguardasset/vanguard-asset-web/vendor/laravel/framework/src/Illuminate/Http/Middleware/TrustProxies.php(58): Illuminate/Pipeline/Pipeline->{closure:{closure:Illuminate/Pipeline/Pipeline::carry():184}:185}()
#44 D:/KULIAH/ISA ALI A/OOP/vanguardasset/vanguard-asset-web/vendor/laravel/framework/src/Illuminate/Pipeline/Pipeline.php(209): Illuminate/Http/Middleware/TrustProxies->handle()
#45 D:/KULIAH/ISA ALI A/OOP/vanguardasset/vanguard-asset-web/vendor/laravel/framework/src/Illuminate/Foundation/Http/Middleware/InvokeDeferredCallbacks.php(22): Illuminate/Pipeline/Pipeline->{closure:{closure:Illuminate/Pipeline/Pipeline::carry():184}:185}()
#46 D:/KULIAH/ISA ALI A/OOP/vanguardasset/vanguard-asset-web/vendor/laravel/framework/src/Illuminate/Pipeline/Pipeline.php(209): Illuminate/Foundation/Http/Middleware/InvokeDeferredCallbacks->handle()
#47 D:/KULIAH/ISA ALI A/OOP/vanguardasset/vanguard-asset-web/vendor/laravel/framework/src/Illuminate/Pipeline/Pipeline.php(127): Illuminate/Pipeline/Pipeline->{closure:{closure:Illuminate/Pipeline/Pipeline::carry():184}:185}()
#48 D:/KULIAH/ISA ALI A/OOP/vanguardasset/vanguard-asset-web/vendor/laravel/framework/src/Illuminate/Foundation/Http/Kernel.php(176): Illuminate/Pipeline/Pipeline->then()
#49 D:/KULIAH/ISA ALI A/OOP/vanguardasset/vanguard-asset-web/vendor/laravel/framework/src/Illuminate/Foundation/Http/Kernel.php(145): Illuminate/Foundation/Http/Kernel->sendRequestThroughRouter()
#50 D:/KULIAH/ISA ALI A/OOP/vanguardasset/vanguard-asset-web/public/index.php(36): Illuminate/Foundation/Http/Kernel->handle()
#51 D:/KULIAH/ISA ALI A/OOP/vanguardasset/vanguard-asset-web/vendor/laravel/framework/src/Illuminate/Foundation/resources/server.php(23): require_once('...')
#52 {main}
"} 
[2026-06-13 10:44:24] local.ERROR: SQLSTATE[23000]: Integrity constraint violation: 1062 Duplicate entry 'admin@vanguard.com' for key 'users_email_unique' (Connection: mysql, SQL: insert into `users` (`name`, `email`, `password`, `role`, `updated_at`, `created_at`) values (Vanguard IT Admin, admin@vanguard.com, $2y$12$yXFURRlWUtf4xOyvRPKYyugOUykc7hoUDIilFkXDmW9ymfppB16fm, admin, 2026-06-13 10:44:24, 2026-06-13 10:44:24)) {"exception":"[object] (Illuminate\\Database\\UniqueConstraintViolationException(code: 23000): SQLSTATE[23000]: Integrity constraint violation: 1062 Duplicate entry 'admin@vanguard.com' for key 'users_email_unique' (Connection: mysql, SQL: insert into `users` (`name`, `email`, `password`, `role`, `updated_at`, `created_at`) values (Vanguard IT Admin, admin@vanguard.com, $2y$12$yXFURRlWUtf4xOyvRPKYyugOUykc7hoUDIilFkXDmW9ymfppB16fm, admin, 2026-06-13 10:44:24, 2026-06-13 10:44:24)) at D:/KULIAH/ISA ALI A/OOP/vanguardasset/vanguard-asset-web/vendor/laravel/framework/src/Illuminate/Database/Connection.php:820)
[stacktrace]
#0 D:/KULIAH/ISA ALI A/OOP/vanguardasset/vanguard-asset-web/vendor/laravel/framework/src/Illuminate/Database/Connection.php(779): Illuminate/Database/Connection->runQueryCallback()
#1 D:/KULIAH/ISA ALI A/OOP/vanguardasset/vanguard-asset-web/vendor/laravel/framework/src/Illuminate/Database/MySqlConnection.php(42): Illuminate/Database/Connection->run()
#2 D:/KULIAH/ISA ALI A/OOP/vanguardasset/vanguard-asset-web/vendor/laravel/framework/src/Illuminate/Database/Query/Processors/MySqlProcessor.php(35): Illuminate/Database/MySqlConnection->insert()
#3 D:/KULIAH/ISA ALI A/OOP/vanguardasset/vanguard-asset-web/vendor/laravel/framework/src/Illuminate/Database/Query/Builder.php(3766): Illuminate/Database/Query/Processors/MySqlProcessor->processInsertGetId()
#4 D:/KULIAH/ISA ALI A/OOP/vanguardasset/vanguard-asset-web/vendor/laravel/framework/src/Illuminate/Database/Eloquent/Builder.php(2120): Illuminate/Database/Query/Builder->insertGetId()
#5 D:/KULIAH/ISA ALI A/OOP/vanguardasset/vanguard-asset-web/vendor/laravel/framework/src/Illuminate/Database/Eloquent/Model.php(1359): Illuminate/Database/Eloquent/Builder->__call()
#6 D:/KULIAH/ISA ALI A/OOP/vanguardasset/vanguard-asset-web/vendor/laravel/framework/src/Illuminate/Database/Eloquent/Model.php(1324): Illuminate/Database/Eloquent/Model->insertAndSetId()
#7 D:/KULIAH/ISA ALI A/OOP/vanguardasset/vanguard-asset-web/vendor/laravel/framework/src/Illuminate/Database/Eloquent/Model.php(1163): Illuminate/Database/Eloquent/Model->performInsert()
#8 D:/KULIAH/ISA ALI A/OOP/vanguardasset/vanguard-asset-web/vendor/laravel/framework/src/Illuminate/Database/Eloquent/Builder.php(1128): Illuminate/Database/Eloquent/Model->save()
#9 D:/KULIAH/ISA ALI A/OOP/vanguardasset/vanguard-asset-web/vendor/laravel/framework/src/Illuminate/Support/helpers.php(399): Illuminate/Database/Eloquent/Builder->{closure:Illuminate/Database/Eloquent/Builder::create():1127}()
#10 D:/KULIAH/ISA ALI A/OOP/vanguardasset/vanguard-asset-web/vendor/laravel/framework/src/Illuminate/Database/Eloquent/Builder.php(1127): tap()
#11 D:/KULIAH/ISA ALI A/OOP/vanguardasset/vanguard-asset-web/vendor/laravel/framework/src/Illuminate/Support/Traits/ForwardsCalls.php(23): Illuminate/Database/Eloquent/Builder->create()
#12 D:/KULIAH/ISA ALI A/OOP/vanguardasset/vanguard-asset-web/vendor/laravel/framework/src/Illuminate/Database/Eloquent/Model.php(2372): Illuminate/Database/Eloquent/Model->forwardCallTo()
#13 D:/KULIAH/ISA ALI A/OOP/vanguardasset/vanguard-asset-web/vendor/laravel/framework/src/Illuminate/Database/Eloquent/Model.php(2384): Illuminate/Database/Eloquent/Model->__call()
#14 D:/KULIAH/ISA ALI A/OOP/vanguardasset/vanguard-asset-web/database/seeders/DatabaseSeeder.php(19): Illuminate/Database/Eloquent/Model::__callStatic()
#15 D:/KULIAH/ISA ALI A/OOP/vanguardasset/vanguard-asset-web/vendor/laravel/framework/src/Illuminate/Container/BoundMethod.php(36): Database/Seeders/DatabaseSeeder->run()
#16 D:/KULIAH/ISA ALI A/OOP/vanguardasset/vanguard-asset-web/vendor/laravel/framework/src/Illuminate/Container/Util.php(43): Illuminate/Container/BoundMethod::{closure:Illuminate/Container/BoundMethod::call():35}()
#17 D:/KULIAH/ISA ALI A/OOP/vanguardasset/vanguard-asset-web/vendor/laravel/framework/src/Illuminate/Container/BoundMethod.php(95): Illuminate/Container/Util::unwrapIfClosure()
#18 D:/KULIAH/ISA ALI A/OOP/vanguardasset/vanguard-asset-web/vendor/laravel/framework/src/Illuminate/Container/BoundMethod.php(35): Illuminate/Container/BoundMethod::callBoundMethod()
#19 D:/KULIAH/ISA ALI A/OOP/vanguardasset/vanguard-asset-web/vendor/laravel/framework/src/Illuminate/Container/Container.php(696): Illuminate/Container/BoundMethod::call()
#20 D:/KULIAH/ISA ALI A/OOP/vanguardasset/vanguard-asset-web/vendor/laravel/framework/src/Illuminate/Database/Seeder.php(188): Illuminate/Container/Container->call()
#21 D:/KULIAH/ISA ALI A/OOP/vanguardasset/vanguard-asset-web/vendor/laravel/framework/src/Illuminate/Database/Seeder.php(197): Illuminate/Database/Seeder->{closure:Illuminate/Database/Seeder::__invoke():187}()
#22 D:/KULIAH/ISA ALI A/OOP/vanguardasset/vanguard-asset-web/vendor/laravel/framework/src/Illuminate/Database/Console/Seeds/SeedCommand.php(70): Illuminate/Database/Seeder->__invoke()
#23 D:/KULIAH/ISA ALI A/OOP/vanguardasset/vanguard-asset-web/vendor/laravel/framework/src/Illuminate/Database/Eloquent/Concerns/GuardsAttributes.php(155): Illuminate/Database/Console/Seeds/SeedCommand->{closure:Illuminate/Database/Console/Seeds/SeedCommand::handle():69}()
#24 D:/KULIAH/ISA ALI A/OOP/vanguardasset/vanguard-asset-web/vendor/laravel/framework/src/Illuminate/Database/Console/Seeds/SeedCommand.php(69): Illuminate/Database/Eloquent/Model::unguarded()
#25 D:/KULIAH/ISA ALI A/OOP/vanguardasset/vanguard-asset-web/vendor/laravel/framework/src/Illuminate/Container/BoundMethod.php(36): Illuminate/Database/Console/Seeds/SeedCommand->handle()
#26 D:/KULIAH/ISA ALI A/OOP/vanguardasset/vanguard-asset-web/vendor/laravel/framework/src/Illuminate/Container/Util.php(43): Illuminate/Container/BoundMethod::{closure:Illuminate/Container/BoundMethod::call():35}()
#27 D:/KULIAH/ISA ALI A/OOP/vanguardasset/vanguard-asset-web/vendor/laravel/framework/src/Illuminate/Container/BoundMethod.php(95): Illuminate/Container/Util::unwrapIfClosure()
#28 D:/KULIAH/ISA ALI A/OOP/vanguardasset/vanguard-asset-web/vendor/laravel/framework/src/Illuminate/Container/BoundMethod.php(35): Illuminate/Container/BoundMethod::callBoundMethod()
#29 D:/KULIAH/ISA ALI A/OOP/vanguardasset/vanguard-asset-web/vendor/laravel/framework/src/Illuminate/Container/Container.php(696): Illuminate/Container/BoundMethod::call()
#30 D:/KULIAH/ISA ALI A/OOP/vanguardasset/vanguard-asset-web/vendor/laravel/framework/src/Illuminate/Console/Command.php(213): Illuminate/Container/Container->call()
#31 D:/KULIAH/ISA ALI A/OOP/vanguardasset/vanguard-asset-web/vendor/symfony/console/Command/Command.php(341): Illuminate/Console/Command->execute()
#32 D:/KULIAH/ISA ALI A/OOP/vanguardasset/vanguard-asset-web/vendor/laravel/framework/src/Illuminate/Console/Command.php(182): Symfony/Component/Console/Command/Command->run()
#33 D:/KULIAH/ISA ALI A/OOP/vanguardasset/vanguard-asset-web/vendor/laravel/framework/src/Illuminate/Console/Concerns/CallsCommands.php(68): Illuminate/Console/Command->run()
#34 D:/KULIAH/ISA ALI A/OOP/vanguardasset/vanguard-asset-web/vendor/laravel/framework/src/Illuminate/Console/Concerns/CallsCommands.php(29): Illuminate/Console/Command->runCommand()
#35 D:/KULIAH/ISA ALI A/OOP/vanguardasset/vanguard-asset-web/vendor/laravel/framework/src/Illuminate/Database/Console/Migrations/MigrateCommand.php(126): Illuminate/Console/Command->call()
#36 D:/KULIAH/ISA ALI A/OOP/vanguardasset/vanguard-asset-web/vendor/laravel/framework/src/Illuminate/Database/Migrations/Migrator.php(658): Illuminate/Database/Console/Migrations/MigrateCommand->{closure:Illuminate/Database/Console/Migrations/MigrateCommand::runMigrations():110}()
#37 D:/KULIAH/ISA ALI A/OOP/vanguardasset/vanguard-asset-web/vendor/laravel/framework/src/Illuminate/Database/Console/Migrations/MigrateCommand.php(110): Illuminate/Database/Migrations/Migrator->usingConnection()
#38 D:/KULIAH/ISA ALI A/OOP/vanguardasset/vanguard-asset-web/vendor/laravel/framework/src/Illuminate/Database/Console/Migrations/MigrateCommand.php(89): Illuminate/Database/Console/Migrations/MigrateCommand->runMigrations()
#39 D:/KULIAH/ISA ALI A/OOP/vanguardasset/vanguard-asset-web/vendor/laravel/framework/src/Illuminate/Container/BoundMethod.php(36): Illuminate/Database/Console/Migrations/MigrateCommand->handle()
#40 D:/KULIAH/ISA ALI A/OOP/vanguardasset/vanguard-asset-web/vendor/laravel/framework/src/Illuminate/Container/Util.php(43): Illuminate/Container/BoundMethod::{closure:Illuminate/Container/BoundMethod::call():35}()
#41 D:/KULIAH/ISA ALI A/OOP/vanguardasset/vanguard-asset-web/vendor/laravel/framework/src/Illuminate/Container/BoundMethod.php(95): Illuminate/Container/Util::unwrapIfClosure()
#42 D:/KULIAH/ISA ALI A/OOP/vanguardasset/vanguard-asset-web/vendor/laravel/framework/src/Illuminate/Container/BoundMethod.php(35): Illuminate/Container/BoundMethod::callBoundMethod()
#43 D:/KULIAH/ISA ALI A/OOP/vanguardasset/vanguard-asset-web/vendor/laravel/framework/src/Illuminate/Container/Container.php(696): Illuminate/Container/BoundMethod::call()
#44 D:/KULIAH/ISA ALI A/OOP/vanguardasset/vanguard-asset-web/vendor/laravel/framework/src/Illuminate/Console/Command.php(213): Illuminate/Container/Container->call()
#45 D:/KULIAH/ISA ALI A/OOP/vanguardasset/vanguard-asset-web/vendor/symfony/console/Command/Command.php(341): Illuminate/Console/Command->execute()
#46 D:/KULIAH/ISA ALI A/OOP/vanguardasset/vanguard-asset-web/vendor/laravel/framework/src/Illuminate/Console/Command.php(182): Symfony/Component/Console/Command/Command->run()
#47 D:/KULIAH/ISA ALI A/OOP/vanguardasset/vanguard-asset-web/vendor/symfony/console/Application.php(1117): Illuminate/Console/Command->run()
#48 D:/KULIAH/ISA ALI A/OOP/vanguardasset/vanguard-asset-web/vendor/symfony/console/Application.php(356): Symfony/Component/Console/Application->doRunCommand()
#49 D:/KULIAH/ISA ALI A/OOP/vanguardasset/vanguard-asset-web/vendor/symfony/console/Application.php(195): Symfony/Component/Console/Application->doRun()
#50 D:/KULIAH/ISA ALI A/OOP/vanguardasset/vanguard-asset-web/vendor/laravel/framework/src/Illuminate/Foundation/Console/Kernel.php(198): Symfony/Component/Console/Application->run()
#51 D:/KULIAH/ISA ALI A/OOP/vanguardasset/vanguard-asset-web/artisan(16): Illuminate/Foundation/Console/Kernel->handle()
#52 {main}

[previous exception] [object] (PDOException(code: 23000): SQLSTATE[23000]: Integrity constraint violation: 1062 Duplicate entry 'admin@vanguard.com' for key 'users_email_unique' at D:/KULIAH/ISA ALI A/OOP/vanguardasset/vanguard-asset-web/vendor/laravel/framework/src/Illuminate/Database/MySqlConnection.php:53)
[stacktrace]
#0 D:/KULIAH/ISA ALI A/OOP/vanguardasset/vanguard-asset-web/vendor/laravel/framework/src/Illuminate/Database/MySqlConnection.php(53): PDOStatement->execute()
#1 D:/KULIAH/ISA ALI A/OOP/vanguardasset/vanguard-asset-web/vendor/laravel/framework/src/Illuminate/Database/Connection.php(812): Illuminate/Database/MySqlConnection->{closure:Illuminate/Database/MySqlConnection::insert():42}()
#2 D:/KULIAH/ISA ALI A/OOP/vanguardasset/vanguard-asset-web/vendor/laravel/framework/src/Illuminate/Database/Connection.php(779): Illuminate/Database/Connection->runQueryCallback()
#3 D:/KULIAH/ISA ALI A/OOP/vanguardasset/vanguard-asset-web/vendor/laravel/framework/src/Illuminate/Database/MySqlConnection.php(42): Illuminate/Database/Connection->run()
#4 D:/KULIAH/ISA ALI A/OOP/vanguardasset/vanguard-asset-web/vendor/laravel/framework/src/Illuminate/Database/Query/Processors/MySqlProcessor.php(35): Illuminate/Database/MySqlConnection->insert()
#5 D:/KULIAH/ISA ALI A/OOP/vanguardasset/vanguard-asset-web/vendor/laravel/framework/src/Illuminate/Database/Query/Builder.php(3766): Illuminate/Database/Query/Processors/MySqlProcessor->processInsertGetId()
#6 D:/KULIAH/ISA ALI A/OOP/vanguardasset/vanguard-asset-web/vendor/laravel/framework/src/Illuminate/Database/Eloquent/Builder.php(2120): Illuminate/Database/Query/Builder->insertGetId()
#7 D:/KULIAH/ISA ALI A/OOP/vanguardasset/vanguard-asset-web/vendor/laravel/framework/src/Illuminate/Database/Eloquent/Model.php(1359): Illuminate/Database/Eloquent/Builder->__call()
#8 D:/KULIAH/ISA ALI A/OOP/vanguardasset/vanguard-asset-web/vendor/laravel/framework/src/Illuminate/Database/Eloquent/Model.php(1324): Illuminate/Database/Eloquent/Model->insertAndSetId()
#9 D:/KULIAH/ISA ALI A/OOP/vanguardasset/vanguard-asset-web/vendor/laravel/framework/src/Illuminate/Database/Eloquent/Model.php(1163): Illuminate/Database/Eloquent/Model->performInsert()
#10 D:/KULIAH/ISA ALI A/OOP/vanguardasset/vanguard-asset-web/vendor/laravel/framework/src/Illuminate/Database/Eloquent/Builder.php(1128): Illuminate/Database/Eloquent/Model->save()
#11 D:/KULIAH/ISA ALI A/OOP/vanguardasset/vanguard-asset-web/vendor/laravel/framework/src/Illuminate/Support/helpers.php(399): Illuminate/Database/Eloquent/Builder->{closure:Illuminate/Database/Eloquent/Builder::create():1127}()
#12 D:/KULIAH/ISA ALI A/OOP/vanguardasset/vanguard-asset-web/vendor/laravel/framework/src/Illuminate/Database/Eloquent/Builder.php(1127): tap()
#13 D:/KULIAH/ISA ALI A/OOP/vanguardasset/vanguard-asset-web/vendor/laravel/framework/src/Illuminate/Support/Traits/ForwardsCalls.php(23): Illuminate/Database/Eloquent/Builder->create()
#14 D:/KULIAH/ISA ALI A/OOP/vanguardasset/vanguard-asset-web/vendor/laravel/framework/src/Illuminate/Database/Eloquent/Model.php(2372): Illuminate/Database/Eloquent/Model->forwardCallTo()
#15 D:/KULIAH/ISA ALI A/OOP/vanguardasset/vanguard-asset-web/vendor/laravel/framework/src/Illuminate/Database/Eloquent/Model.php(2384): Illuminate/Database/Eloquent/Model->__call()
#16 D:/KULIAH/ISA ALI A/OOP/vanguardasset/vanguard-asset-web/database/seeders/DatabaseSeeder.php(19): Illuminate/Database/Eloquent/Model::__callStatic()
#17 D:/KULIAH/ISA ALI A/OOP/vanguardasset/vanguard-asset-web/vendor/laravel/framework/src/Illuminate/Container/BoundMethod.php(36): Database/Seeders/DatabaseSeeder->run()
#18 D:/KULIAH/ISA ALI A/OOP/vanguardasset/vanguard-asset-web/vendor/laravel/framework/src/Illuminate/Container/Util.php(43): Illuminate/Container/BoundMethod::{closure:Illuminate/Container/BoundMethod::call():35}()
#19 D:/KULIAH/ISA ALI A/OOP/vanguardasset/vanguard-asset-web/vendor/laravel/framework/src/Illuminate/Container/BoundMethod.php(95): Illuminate/Container/Util::unwrapIfClosure()
#20 D:/KULIAH/ISA ALI A/OOP/vanguardasset/vanguard-asset-web/vendor/laravel/framework/src/Illuminate/Container/BoundMethod.php(35): Illuminate/Container/BoundMethod::callBoundMethod()
#21 D:/KULIAH/ISA ALI A/OOP/vanguardasset/vanguard-asset-web/vendor/laravel/framework/src/Illuminate/Container/Container.php(696): Illuminate/Container/BoundMethod::call()
#22 D:/KULIAH/ISA ALI A/OOP/vanguardasset/vanguard-asset-web/vendor/laravel/framework/src/Illuminate/Database/Seeder.php(188): Illuminate/Container/Container->call()
#23 D:/KULIAH/ISA ALI A/OOP/vanguardasset/vanguard-asset-web/vendor/laravel/framework/src/Illuminate/Database/Seeder.php(197): Illuminate/Database/Seeder->{closure:Illuminate/Database/Seeder::__invoke():187}()
#24 D:/KULIAH/ISA ALI A/OOP/vanguardasset/vanguard-asset-web/vendor/laravel/framework/src/Illuminate/Database/Console/Seeds/SeedCommand.php(70): Illuminate/Database/Seeder->__invoke()
#25 D:/KULIAH/ISA ALI A/OOP/vanguardasset/vanguard-asset-web/vendor/laravel/framework/src/Illuminate/Database/Eloquent/Concerns/GuardsAttributes.php(155): Illuminate/Database/Console/Seeds/SeedCommand->{closure:Illuminate/Database/Console/Seeds/SeedCommand::handle():69}()
#26 D:/KULIAH/ISA ALI A/OOP/vanguardasset/vanguard-asset-web/vendor/laravel/framework/src/Illuminate/Database/Console/Seeds/SeedCommand.php(69): Illuminate/Database/Eloquent/Model::unguarded()
#27 D:/KULIAH/ISA ALI A/OOP/vanguardasset/vanguard-asset-web/vendor/laravel/framework/src/Illuminate/Container/BoundMethod.php(36): Illuminate/Database/Console/Seeds/SeedCommand->handle()
#28 D:/KULIAH/ISA ALI A/OOP/vanguardasset/vanguard-asset-web/vendor/laravel/framework/src/Illuminate/Container/Util.php(43): Illuminate/Container/BoundMethod::{closure:Illuminate/Container/BoundMethod::call():35}()
#29 D:/KULIAH/ISA ALI A/OOP/vanguardasset/vanguard-asset-web/vendor/laravel/framework/src/Illuminate/Container/BoundMethod.php(95): Illuminate/Container/Util::unwrapIfClosure()
#30 D:/KULIAH/ISA ALI A/OOP/vanguardasset/vanguard-asset-web/vendor/laravel/framework/src/Illuminate/Container/BoundMethod.php(35): Illuminate/Container/BoundMethod::callBoundMethod()
#31 D:/KULIAH/ISA ALI A/OOP/vanguardasset/vanguard-asset-web/vendor/laravel/framework/src/Illuminate/Container/Container.php(696): Illuminate/Container/BoundMethod::call()
#32 D:/KULIAH/ISA ALI A/OOP/vanguardasset/vanguard-asset-web/vendor/laravel/framework/src/Illuminate/Console/Command.php(213): Illuminate/Container/Container->call()
#33 D:/KULIAH/ISA ALI A/OOP/vanguardasset/vanguard-asset-web/vendor/symfony/console/Command/Command.php(341): Illuminate/Console/Command->execute()
#34 D:/KULIAH/ISA ALI A/OOP/vanguardasset/vanguard-asset-web/vendor/laravel/framework/src/Illuminate/Console/Command.php(182): Symfony/Component/Console/Command/Command->run()
#35 D:/KULIAH/ISA ALI A/OOP/vanguardasset/vanguard-asset-web/vendor/laravel/framework/src/Illuminate/Console/Concerns/CallsCommands.php(68): Illuminate/Console/Command->run()
#36 D:/KULIAH/ISA ALI A/OOP/vanguardasset/vanguard-asset-web/vendor/laravel/framework/src/Illuminate/Console/Concerns/CallsCommands.php(29): Illuminate/Console/Command->runCommand()
#37 D:/KULIAH/ISA ALI A/OOP/vanguardasset/vanguard-asset-web/vendor/laravel/framework/src/Illuminate/Database/Console/Migrations/MigrateCommand.php(126): Illuminate/Console/Command->call()
#38 D:/KULIAH/ISA ALI A/OOP/vanguardasset/vanguard-asset-web/vendor/laravel/framework/src/Illuminate/Database/Migrations/Migrator.php(658): Illuminate/Database/Console/Migrations/MigrateCommand->{closure:Illuminate/Database/Console/Migrations/MigrateCommand::runMigrations():110}()
#39 D:/KULIAH/ISA ALI A/OOP/vanguardasset/vanguard-asset-web/vendor/laravel/framework/src/Illuminate/Database/Console/Migrations/MigrateCommand.php(110): Illuminate/Database/Migrations/Migrator->usingConnection()
#40 D:/KULIAH/ISA ALI A/OOP/vanguardasset/vanguard-asset-web/vendor/laravel/framework/src/Illuminate/Database/Console/Migrations/MigrateCommand.php(89): Illuminate/Database/Console/Migrations/MigrateCommand->runMigrations()
#41 D:/KULIAH/ISA ALI A/OOP/vanguardasset/vanguard-asset-web/vendor/laravel/framework/src/Illuminate/Container/BoundMethod.php(36): Illuminate/Database/Console/Migrations/MigrateCommand->handle()
#42 D:/KULIAH/ISA ALI A/OOP/vanguardasset/vanguard-asset-web/vendor/laravel/framework/src/Illuminate/Container/Util.php(43): Illuminate/Container/BoundMethod::{closure:Illuminate/Container/BoundMethod::call():35}()
#43 D:/KULIAH/ISA ALI A/OOP/vanguardasset/vanguard-asset-web/vendor/laravel/framework/src/Illuminate/Container/BoundMethod.php(95): Illuminate/Container/Util::unwrapIfClosure()
#44 D:/KULIAH/ISA ALI A/OOP/vanguardasset/vanguard-asset-web/vendor/laravel/framework/src/Illuminate/Container/BoundMethod.php(35): Illuminate/Container/BoundMethod::callBoundMethod()
#45 D:/KULIAH/ISA ALI A/OOP/vanguardasset/vanguard-asset-web/vendor/laravel/framework/src/Illuminate/Container/Container.php(696): Illuminate/Container/BoundMethod::call()
#46 D:/KULIAH/ISA ALI A/OOP/vanguardasset/vanguard-asset-web/vendor/laravel/framework/src/Illuminate/Console/Command.php(213): Illuminate/Container/Container->call()
#47 D:/KULIAH/ISA ALI A/OOP/vanguardasset/vanguard-asset-web/vendor/symfony/console/Command/Command.php(341): Illuminate/Console/Command->execute()
#48 D:/KULIAH/ISA ALI A/OOP/vanguardasset/vanguard-asset-web/vendor/laravel/framework/src/Illuminate/Console/Command.php(182): Symfony/Component/Console/Command/Command->run()
#49 D:/KULIAH/ISA ALI A/OOP/vanguardasset/vanguard-asset-web/vendor/symfony/console/Application.php(1117): Illuminate/Console/Command->run()
#50 D:/KULIAH/ISA ALI A/OOP/vanguardasset/vanguard-asset-web/vendor/symfony/console/Application.php(356): Symfony/Component/Console/Application->doRunCommand()
#51 D:/KULIAH/ISA ALI A/OOP/vanguardasset/vanguard-asset-web/vendor/symfony/console/Application.php(195): Symfony/Component/Console/Application->doRun()
#52 D:/KULIAH/ISA ALI A/OOP/vanguardasset/vanguard-asset-web/vendor/laravel/framework/src/Illuminate/Foundation/Console/Kernel.php(198): Symfony/Component/Console/Application->run()
#53 D:/KULIAH/ISA ALI A/OOP/vanguardasset/vanguard-asset-web/artisan(16): Illuminate/Foundation/Console/Kernel->handle()
#54 {main}
"} 
